{
    "0": {
        "precision": 0.0,
        "recall": 0.0,
        "f1-score": 0.0,
        "support": 697.0
    },
    "1": {
        "precision": 0.655667701863354,
        "recall": 0.3647160440509609,
        "f1-score": 0.46871097544054385,
        "support": 4631.0
    },
    "2": {
        "precision": 0.6,
        "recall": 0.02647448154140315,
        "f1-score": 0.05071136779828145,
        "support": 6799.0
    },
    "3": {
        "precision": 0.3603851444291609,
        "recall": 0.218941504178273,
        "f1-score": 0.2723964650840409,
        "support": 7180.0
    },
    "4": {
        "precision": 0.24096385542168675,
        "recall": 0.4007071302298173,
        "f1-score": 0.30095153795087404,
        "support": 3394.0
    },
    "5": {
        "precision": 0.0,
        "recall": 0.0,
        "f1-score": 0.0,
        "support": 1661.0
    },
    "6": {
        "precision": 0.0,
        "recall": 0.0,
        "f1-score": 0.0,
        "support": 749.0
    },
    "7": {
        "precision": 0.0,
        "recall": 0.0,
        "f1-score": 0.0,
        "support": 362.0
    },
    "8": {
        "precision": 0.0,
        "recall": 0.0,
        "f1-score": 0.0,
        "support": 268.0
    },
    "9": {
        "precision": 0.0,
        "recall": 0.0,
        "f1-score": 0.0,
        "support": 305.0
    },
    "10": {
        "precision": 0.0,
        "recall": 0.0,
        "f1-score": 0.0,
        "support": 426.0
    },
    "11": {
        "precision": 0.0,
        "recall": 0.0,
        "f1-score": 0.0,
        "support": 583.0
    },
    "12": {
        "precision": 0.0,
        "recall": 0.0,
        "f1-score": 0.0,
        "support": 745.0
    },
    "13": {
        "precision": 0.0,
        "recall": 0.0,
        "f1-score": 0.0,
        "support": 647.0
    },
    "14": {
        "precision": 0.0,
        "recall": 0.0,
        "f1-score": 0.0,
        "support": 583.0
    },
    "15": {
        "precision": 0.0,
        "recall": 0.0,
        "f1-score": 0.0,
        "support": 430.0
    },
    "16": {
        "precision": 0.0,
        "recall": 0.0,
        "f1-score": 0.0,
        "support": 376.0
    },
    "17": {
        "precision": 0.0,
        "recall": 0.0,
        "f1-score": 0.0,
        "support": 308.0
    },
    "18": {
        "precision": 0.0,
        "recall": 0.0,
        "f1-score": 0.0,
        "support": 295.0
    },
    "19": {
        "precision": 0.0,
        "recall": 0.0,
        "f1-score": 0.0,
        "support": 268.0
    },
    "20": {
        "precision": 0.04708711918760022,
        "recall": 0.986562150055991,
        "f1-score": 0.08988420139774525,
        "support": 893.0
    },
    "accuracy": 0.1798101265822785,
    "macro avg": {
        "precision": 0.09067161051913342,
        "recall": 0.09511434809792597,
        "f1-score": 0.05631688322245169,
        "support": 31600.0
    },
    "weighted avg": {
        "precision": 0.33427982870462974,
        "recall": 0.1798101265822785,
        "f1-score": 0.17635727366716902,
        "support": 31600.0
    }
}