{
    "0": {
        "precision": 0.6153846153846154,
        "recall": 1.0,
        "f1-score": 0.761904761904762,
        "support": 8.0
    },
    "1": {
        "precision": 0.7637028014616322,
        "recall": 0.7302018633540373,
        "f1-score": 0.746576701726533,
        "support": 2576.0
    },
    "2": {
        "precision": 0.23588039867109634,
        "recall": 0.23666666666666666,
        "f1-score": 0.2362728785357737,
        "support": 300.0
    },
    "3": {
        "precision": 0.6701754385964912,
        "recall": 0.6568088033012379,
        "f1-score": 0.6634248002778742,
        "support": 4362.0
    },
    "4": {
        "precision": 0.8145461309523809,
        "recall": 0.77586817859674,
        "f1-score": 0.7947368421052631,
        "support": 5644.0
    },
    "20": {
        "precision": 0.9014187356561653,
        "recall": 0.92367717797969,
        "f1-score": 0.9124122274431129,
        "support": 18710.0
    },
    "accuracy": 0.8381645569620253,
    "macro avg": {
        "precision": 0.6668513534537301,
        "recall": 0.7205371149830619,
        "f1-score": 0.6858880353322198,
        "support": 31600.0
    },
    "weighted avg": {
        "precision": 0.8363649931477707,
        "recall": 0.8381645569620253,
        "f1-score": 0.8370488979879226,
        "support": 31600.0
    }
}