{
    "1": {
        "precision": 0.0,
        "recall": 0.0,
        "f1-score": 0.0,
        "support": 9.0
    },
    "2": {
        "precision": 0.2,
        "recall": 0.13043478260869565,
        "f1-score": 0.15789473684210528,
        "support": 23.0
    },
    "3": {
        "precision": 0.14285714285714285,
        "recall": 0.1111111111111111,
        "f1-score": 0.125,
        "support": 9.0
    },
    "4": {
        "precision": 0.29545454545454547,
        "recall": 0.38235294117647056,
        "f1-score": 0.33333333333333337,
        "support": 34.0
    },
    "5": {
        "precision": 0.2,
        "recall": 0.2,
        "f1-score": 0.20000000000000004,
        "support": 5.0
    },
    "7": {
        "precision": 0.3333333333333333,
        "recall": 0.16666666666666666,
        "f1-score": 0.2222222222222222,
        "support": 6.0
    },
    "8": {
        "precision": 0.5,
        "recall": 0.7777777777777778,
        "f1-score": 0.6086956521739131,
        "support": 9.0
    },
    "11": {
        "precision": 0.0,
        "recall": 0.0,
        "f1-score": 0.0,
        "support": 4.0
    },
    "12": {
        "precision": 0.0,
        "recall": 0.0,
        "f1-score": 0.0,
        "support": 1.0
    },
    "13": {
        "precision": 0.5,
        "recall": 0.5833333333333334,
        "f1-score": 0.5384615384615384,
        "support": 24.0
    },
    "14": {
        "precision": 0.0,
        "recall": 0.0,
        "f1-score": 0.0,
        "support": 1.0
    },
    "15": {
        "precision": 0.0,
        "recall": 0.0,
        "f1-score": 0.0,
        "support": 1.0
    },
    "20": {
        "precision": 0.9651972157772621,
        "recall": 0.9765258215962441,
        "f1-score": 0.9708284714119021,
        "support": 852.0
    },
    "accuracy": 0.8916155419222904,
    "macro avg": {
        "precision": 0.24129555672479105,
        "recall": 0.25601557186694607,
        "f1-score": 0.24280276572653955,
        "support": 978.0
    },
    "weighted avg": {
        "precision": 0.8770748432243315,
        "recall": 0.8916155419222904,
        "f1-score": 0.8834053589464395,
        "support": 978.0
    }
}