{
    "1": {
        "precision": 0.7879359095193214,
        "recall": 0.8196078431372549,
        "f1-score": 0.8034598750600671,
        "support": 1020.0
    },
    "2": {
        "precision": 0.6865605000744158,
        "recall": 0.8044994768050227,
        "f1-score": 0.7408656548622822,
        "support": 5734.0
    },
    "3": {
        "precision": 0.7646361480941091,
        "recall": 0.7524228284278536,
        "f1-score": 0.7584803256445047,
        "support": 11144.0
    },
    "4": {
        "precision": 0.6536269430051813,
        "recall": 0.5810686319668356,
        "f1-score": 0.6152158010241403,
        "support": 4342.0
    },
    "5": {
        "precision": 0.4603174603174603,
        "recall": 0.3778501628664495,
        "f1-score": 0.4150268336314848,
        "support": 614.0
    },
    "6": {
        "precision": 0.30612244897959184,
        "recall": 0.3,
        "f1-score": 0.3030303030303031,
        "support": 50.0
    },
    "7": {
        "precision": 0.1,
        "recall": 0.11764705882352941,
        "f1-score": 0.1081081081081081,
        "support": 17.0
    },
    "20": {
        "precision": 0.8859060402684564,
        "recall": 0.6182669789227166,
        "f1-score": 0.7282758620689656,
        "support": 854.0
    },
    "accuracy": 0.7206729758149316,
    "macro avg": {
        "precision": 0.5806381812823169,
        "recall": 0.5464203726187078,
        "f1-score": 0.559057845428732,
        "support": 23775.0
    },
    "weighted avg": {
        "precision": 0.7215895166140408,
        "recall": 0.7206729758149316,
        "f1-score": 0.7186198910459203,
        "support": 23775.0
    }
}