{
    "1": {
        "precision": 0.6790540540540541,
        "recall": 0.6767676767676768,
        "f1-score": 0.6779089376053963,
        "support": 297.0
    },
    "2": {
        "precision": 0.7076648841354723,
        "recall": 0.6833046471600689,
        "f1-score": 0.6952714535901927,
        "support": 581.0
    },
    "3": {
        "precision": 0.59,
        "recall": 0.5462962962962963,
        "f1-score": 0.5673076923076923,
        "support": 216.0
    },
    "4": {
        "precision": 0.2753623188405797,
        "recall": 0.5846153846153846,
        "f1-score": 0.37438423645320196,
        "support": 65.0
    },
    "5": {
        "precision": 0.0,
        "recall": 0.0,
        "f1-score": 0.0,
        "support": 1.0
    },
    "6": {
        "precision": 0.18181818181818182,
        "recall": 0.18181818181818182,
        "f1-score": 0.18181818181818182,
        "support": 11.0
    },
    "11": {
        "precision": 0.21428571428571427,
        "recall": 0.1935483870967742,
        "f1-score": 0.20338983050847456,
        "support": 31.0
    },
    "12": {
        "precision": 0.3125,
        "recall": 0.10638297872340426,
        "f1-score": 0.15873015873015872,
        "support": 47.0
    },
    "13": {
        "precision": 0.0,
        "recall": 0.0,
        "f1-score": 0.0,
        "support": 4.0
    },
    "14": {
        "precision": 0.2631578947368421,
        "recall": 0.5555555555555556,
        "f1-score": 0.35714285714285715,
        "support": 9.0
    },
    "16": {
        "precision": 0.0,
        "recall": 0.0,
        "f1-score": 0.0,
        "support": 3.0
    },
    "17": {
        "precision": 0.0,
        "recall": 0.0,
        "f1-score": 0.0,
        "support": 2.0
    },
    "18": {
        "precision": 0.0,
        "recall": 0.0,
        "f1-score": 0.0,
        "support": 1.0
    },
    "20": {
        "precision": 0.25,
        "recall": 0.02857142857142857,
        "f1-score": 0.05128205128205128,
        "support": 35.0
    },
    "accuracy": 0.5932463545663853,
    "macro avg": {
        "precision": 0.24813164627648887,
        "recall": 0.25406146690034076,
        "f1-score": 0.23337395710272904,
        "support": 1303.0
    },
    "weighted avg": {
        "precision": 0.6083036689615424,
        "recall": 0.5932463545663853,
        "f1-score": 0.5932000503667397,
        "support": 1303.0
    }
}{
    "1": {
        "precision": 0.8125,
        "recall": 0.8717201166180758,
        "f1-score": 0.8410689170182841,
        "support": 343.0
    },
    "2": {
        "precision": 0.6655518394648829,
        "recall": 0.6611295681063123,
        "f1-score": 0.6633333333333333,
        "support": 301.0
    },
    "3": {
        "precision": 0.8843283582089553,
        "recall": 0.9097888675623801,
        "f1-score": 0.8968779564806055,
        "support": 521.0
    },
    "4": {
        "precision": 0.25,
        "recall": 0.5,
        "f1-score": 0.3333333333333333,
        "support": 2.0
    },
    "5": {
        "precision": 0.0,
        "recall": 0.0,
        "f1-score": 0.0,
        "support": 9.0
    },
    "7": {
        "precision": 0.0,
        "recall": 0.0,
        "f1-score": 0.0,
        "support": 2.0
    },
    "8": {
        "precision": 0.25,
        "recall": 0.3333333333333333,
        "f1-score": 0.28571428571428575,
        "support": 3.0
    },
    "12": {
        "precision": 0.5694444444444444,
        "recall": 0.43157894736842106,
        "f1-score": 0.49101796407185627,
        "support": 95.0
    },
    "13": {
        "precision": 0.13333333333333333,
        "recall": 0.4,
        "f1-score": 0.2,
        "support": 5.0
    },
    "14": {
        "precision": 1.0,
        "recall": 0.07692307692307693,
        "f1-score": 0.14285714285714288,
        "support": 13.0
    },
    "19": {
        "precision": 0.0,
        "recall": 0.0,
        "f1-score": 0.0,
        "support": 1.0
    },
    "20": {
        "precision": 0.25,
        "recall": 0.125,
        "f1-score": 0.16666666666666666,
        "support": 8.0
    },
    "accuracy": 0.7820414428242517,
    "macro avg": {
        "precision": 0.40126316462096795,
        "recall": 0.3591228258259666,
        "f1-score": 0.335072466622959,
        "support": 1303.0
    },
    "weighted avg": {
        "precision": 0.7757233823443471,
        "recall": 0.7820414428242517,
        "f1-score": 0.7734339059847372,
        "support": 1303.0
    }
}