{
    "0": {
        "precision": 0.0,
        "recall": 0.0,
        "f1-score": 0.0,
        "support": 125.0
    },
    "1": {
        "precision": 0.8066378066378066,
        "recall": 0.18602329450915142,
        "f1-score": 0.3023255813953489,
        "support": 3005.0
    },
    "2": {
        "precision": 0.35830445214609435,
        "recall": 0.33845378997733566,
        "f1-score": 0.3480963480963481,
        "support": 3971.0
    },
    "3": {
        "precision": 0.31559161060546104,
        "recall": 0.27297621085059043,
        "f1-score": 0.29274112140956227,
        "support": 5843.0
    },
    "4": {
        "precision": 0.22862163217493167,
        "recall": 0.43418613274008155,
        "f1-score": 0.29952679370763524,
        "support": 2697.0
    },
    "5": {
        "precision": 0.2213352685050798,
        "recall": 0.4007884362680683,
        "f1-score": 0.28517999064983635,
        "support": 1522.0
    },
    "6": {
        "precision": 0.22295081967213115,
        "recall": 0.10862619808306709,
        "f1-score": 0.1460794844253491,
        "support": 626.0
    },
    "7": {
        "precision": 0.20588235294117646,
        "recall": 0.037333333333333336,
        "f1-score": 0.06320541760722348,
        "support": 375.0
    },
    "8": {
        "precision": 0.028985507246376812,
        "recall": 0.007782101167315175,
        "f1-score": 0.012269938650306749,
        "support": 257.0
    },
    "9": {
        "precision": 0.0,
        "recall": 0.0,
        "f1-score": 0.0,
        "support": 277.0
    },
    "10": {
        "precision": 0.0,
        "recall": 0.0,
        "f1-score": 0.0,
        "support": 394.0
    },
    "11": {
        "precision": 0.0,
        "recall": 0.0,
        "f1-score": 0.0,
        "support": 581.0
    },
    "12": {
        "precision": 0.0,
        "recall": 0.0,
        "f1-score": 0.0,
        "support": 744.0
    },
    "13": {
        "precision": 0.0,
        "recall": 0.0,
        "f1-score": 0.0,
        "support": 714.0
    },
    "14": {
        "precision": 0.0,
        "recall": 0.0,
        "f1-score": 0.0,
        "support": 577.0
    },
    "15": {
        "precision": 0.015625,
        "recall": 0.002197802197802198,
        "f1-score": 0.003853564547206166,
        "support": 455.0
    },
    "16": {
        "precision": 0.0,
        "recall": 0.0,
        "f1-score": 0.0,
        "support": 406.0
    },
    "17": {
        "precision": 0.0,
        "recall": 0.0,
        "f1-score": 0.0,
        "support": 309.0
    },
    "18": {
        "precision": 0.0,
        "recall": 0.0,
        "f1-score": 0.0,
        "support": 289.0
    },
    "19": {
        "precision": 0.0,
        "recall": 0.0,
        "f1-score": 0.0,
        "support": 261.0
    },
    "20": {
        "precision": 0.26737085327611815,
        "recall": 0.9782608695652174,
        "f1-score": 0.41996111471160075,
        "support": 1656.0
    },
    "accuracy": 0.27842449370116407,
    "macro avg": {
        "precision": 0.12720501443834173,
        "recall": 0.13174419850914107,
        "f1-score": 0.10348758834287701,
        "support": 25084.0
    },
    "weighted avg": {
        "precision": 0.29175323188814567,
        "recall": 0.27842449370116407,
        "f1-score": 0.2415341728630096,
        "support": 25084.0
    }
}