{
    "1": {
        "precision": 0.5753246753246753,
        "recall": 0.6392496392496393,
        "f1-score": 0.6056049213943951,
        "support": 693.0
    },
    "2": {
        "precision": 0.7348381833016046,
        "recall": 0.7203412423353772,
        "f1-score": 0.7275175013462574,
        "support": 3751.0
    },
    "3": {
        "precision": 0.6915814319433516,
        "recall": 0.6956865848832607,
        "f1-score": 0.693627934503847,
        "support": 5054.0
    },
    "4": {
        "precision": 0.7140387939312464,
        "recall": 0.7258883248730964,
        "f1-score": 0.7199148029818956,
        "support": 5122.0
    },
    "5": {
        "precision": 0.7021919879062736,
        "recall": 0.6741654571843251,
        "f1-score": 0.6878933728248797,
        "support": 2756.0
    },
    "6": {
        "precision": 0.40974212034383956,
        "recall": 0.46885245901639344,
        "f1-score": 0.43730886850152906,
        "support": 305.0
    },
    "7": {
        "precision": 0.23529411764705882,
        "recall": 0.11764705882352941,
        "f1-score": 0.15686274509803924,
        "support": 68.0
    },
    "8": {
        "precision": 0.19540229885057472,
        "recall": 0.2463768115942029,
        "f1-score": 0.21794871794871795,
        "support": 69.0
    },
    "9": {
        "precision": 0.23529411764705882,
        "recall": 0.21052631578947367,
        "f1-score": 0.2222222222222222,
        "support": 19.0
    },
    "10": {
        "precision": 0.13333333333333333,
        "recall": 0.10526315789473684,
        "f1-score": 0.11764705882352941,
        "support": 19.0
    },
    "11": {
        "precision": 0.16470588235294117,
        "recall": 0.34146341463414637,
        "f1-score": 0.2222222222222222,
        "support": 41.0
    },
    "12": {
        "precision": 0.3157894736842105,
        "recall": 0.34285714285714286,
        "f1-score": 0.3287671232876712,
        "support": 70.0
    },
    "13": {
        "precision": 0.273972602739726,
        "recall": 0.14388489208633093,
        "f1-score": 0.18867924528301888,
        "support": 139.0
    },
    "14": {
        "precision": 0.4,
        "recall": 0.3111111111111111,
        "f1-score": 0.35000000000000003,
        "support": 90.0
    },
    "15": {
        "precision": 0.17647058823529413,
        "recall": 0.09375,
        "f1-score": 0.12244897959183672,
        "support": 64.0
    },
    "16": {
        "precision": 0.3384615384615385,
        "recall": 0.5409836065573771,
        "f1-score": 0.416403785488959,
        "support": 122.0
    },
    "17": {
        "precision": 0.5446009389671361,
        "recall": 0.5321100917431193,
        "f1-score": 0.5382830626450116,
        "support": 218.0
    },
    "18": {
        "precision": 0.4425287356321839,
        "recall": 0.41621621621621624,
        "f1-score": 0.42896935933147634,
        "support": 185.0
    },
    "19": {
        "precision": 0.48863636363636365,
        "recall": 0.5375,
        "f1-score": 0.5119047619047619,
        "support": 240.0
    },
    "20": {
        "precision": 0.9750581975390755,
        "recall": 0.9678164713649117,
        "f1-score": 0.9714238383169056,
        "support": 6059.0
    },
    "accuracy": 0.747687769095838,
    "macro avg": {
        "precision": 0.43736326907387435,
        "recall": 0.4415844999107195,
        "f1-score": 0.4332825261858588,
        "support": 25084.0
    },
    "weighted avg": {
        "precision": 0.7489078463996599,
        "recall": 0.747687769095838,
        "f1-score": 0.747762955851798,
        "support": 25084.0
    }
}