{
    "1": {
        "precision": 0.9023136246786633,
        "recall": 0.7076612903225806,
        "f1-score": 0.7932203389830509,
        "support": 496.0
    },
    "2": {
        "precision": 0.4429530201342282,
        "recall": 0.5096525096525096,
        "f1-score": 0.473967684021544,
        "support": 259.0
    },
    "3": {
        "precision": 0.35175879396984927,
        "recall": 0.2892561983471074,
        "f1-score": 0.31746031746031744,
        "support": 242.0
    },
    "4": {
        "precision": 0.2849162011173184,
        "recall": 0.6666666666666666,
        "f1-score": 0.39921722113502933,
        "support": 153.0
    },
    "5": {
        "precision": 0.30357142857142855,
        "recall": 0.2,
        "f1-score": 0.24113475177304966,
        "support": 85.0
    },
    "6": {
        "precision": 0.0,
        "recall": 0.0,
        "f1-score": 0.0,
        "support": 30.0
    },
    "7": {
        "precision": 0.0,
        "recall": 0.0,
        "f1-score": 0.0,
        "support": 13.0
    },
    "8": {
        "precision": 0.0,
        "recall": 0.0,
        "f1-score": 0.0,
        "support": 3.0
    },
    "9": {
        "precision": 0.0,
        "recall": 0.0,
        "f1-score": 0.0,
        "support": 5.0
    },
    "10": {
        "precision": 0.0,
        "recall": 0.0,
        "f1-score": 0.0,
        "support": 3.0
    },
    "11": {
        "precision": 0.0,
        "recall": 0.0,
        "f1-score": 0.0,
        "support": 5.0
    },
    "12": {
        "precision": 0.0,
        "recall": 0.0,
        "f1-score": 0.0,
        "support": 1.0
    },
    "13": {
        "precision": 0.0,
        "recall": 0.0,
        "f1-score": 0.0,
        "support": 2.0
    },
    "15": {
        "precision": 0.0,
        "recall": 0.0,
        "f1-score": 0.0,
        "support": 1.0
    },
    "19": {
        "precision": 0.0,
        "recall": 0.0,
        "f1-score": 0.0,
        "support": 1.0
    },
    "20": {
        "precision": 1.0,
        "recall": 0.75,
        "f1-score": 0.8571428571428571,
        "support": 4.0
    },
    "accuracy": 0.5180353031465849,
    "macro avg": {
        "precision": 0.205344566779468,
        "recall": 0.19520229156180402,
        "f1-score": 0.19263394815724053,
        "support": 1303.0
    },
    "weighted avg": {
        "precision": 0.5531801752844258,
        "recall": 0.5180353031465849,
        "f1-score": 0.5203573102728396,
        "support": 1303.0
    }
}{
    "1": {
        "precision": 0.9046242774566474,
        "recall": 0.6310483870967742,
        "f1-score": 0.7434679334916865,
        "support": 496.0
    },
    "2": {
        "precision": 0.3857566765578635,
        "recall": 0.5019305019305019,
        "f1-score": 0.43624161073825507,
        "support": 259.0
    },
    "3": {
        "precision": 0.3493975903614458,
        "recall": 0.2396694214876033,
        "f1-score": 0.2843137254901961,
        "support": 242.0
    },
    "4": {
        "precision": 0.28337236533957844,
        "recall": 0.7908496732026143,
        "f1-score": 0.41724137931034483,
        "support": 153.0
    },
    "5": {
        "precision": 0.3333333333333333,
        "recall": 0.09411764705882353,
        "f1-score": 0.14678899082568808,
        "support": 85.0
    },
    "6": {
        "precision": 0.0,
        "recall": 0.0,
        "f1-score": 0.0,
        "support": 30.0
    },
    "7": {
        "precision": 0.0,
        "recall": 0.0,
        "f1-score": 0.0,
        "support": 13.0
    },
    "8": {
        "precision": 0.0,
        "recall": 0.0,
        "f1-score": 0.0,
        "support": 3.0
    },
    "9": {
        "precision": 0.0,
        "recall": 0.0,
        "f1-score": 0.0,
        "support": 5.0
    },
    "10": {
        "precision": 0.0,
        "recall": 0.0,
        "f1-score": 0.0,
        "support": 3.0
    },
    "11": {
        "precision": 0.0,
        "recall": 0.0,
        "f1-score": 0.0,
        "support": 5.0
    },
    "12": {
        "precision": 0.0,
        "recall": 0.0,
        "f1-score": 0.0,
        "support": 1.0
    },
    "13": {
        "precision": 0.0,
        "recall": 0.0,
        "f1-score": 0.0,
        "support": 2.0
    },
    "15": {
        "precision": 0.0,
        "recall": 0.0,
        "f1-score": 0.0,
        "support": 1.0
    },
    "19": {
        "precision": 0.0,
        "recall": 0.0,
        "f1-score": 0.0,
        "support": 1.0
    },
    "20": {
        "precision": 1.0,
        "recall": 0.75,
        "f1-score": 0.8571428571428571,
        "support": 4.0
    },
    "accuracy": 0.48580199539524177,
    "macro avg": {
        "precision": 0.20353026519055428,
        "recall": 0.18797597692351983,
        "f1-score": 0.18032478106243924,
        "support": 1303.0
    },
    "weighted avg": {
        "precision": 0.5440123890596642,
        "recall": 0.48580199539524177,
        "f1-score": 0.48372537255943954,
        "support": 1303.0
    }
}