{
    "1": {
        "precision": 0.8740554156171285,
        "recall": 0.8920308483290489,
        "f1-score": 0.8829516539440204,
        "support": 389.0
    },
    "2": {
        "precision": 0.7868852459016393,
        "recall": 0.6442953020134228,
        "f1-score": 0.7084870848708487,
        "support": 298.0
    },
    "3": {
        "precision": 0.484251968503937,
        "recall": 0.6180904522613065,
        "f1-score": 0.543046357615894,
        "support": 199.0
    },
    "4": {
        "precision": 0.7650273224043715,
        "recall": 0.7821229050279329,
        "f1-score": 0.7734806629834254,
        "support": 358.0
    },
    "5": {
        "precision": 0.5476190476190477,
        "recall": 0.4107142857142857,
        "f1-score": 0.46938775510204084,
        "support": 56.0
    },
    "20": {
        "precision": 0.0,
        "recall": 0.0,
        "f1-score": 0.0,
        "support": 3.0
    },
    "accuracy": 0.740598618572525,
    "macro avg": {
        "precision": 0.5763065000076874,
        "recall": 0.5578756322243328,
        "f1-score": 0.5628922524193715,
        "support": 1303.0
    },
    "weighted avg": {
        "precision": 0.748589370509184,
        "recall": 0.740598618572525,
        "f1-score": 0.7412550740407371,
        "support": 1303.0
    }
}{
    "1": {
        "precision": 0.8490028490028491,
        "recall": 0.861271676300578,
        "f1-score": 0.8550932568149211,
        "support": 346.0
    },
    "2": {
        "precision": 0.7485029940119761,
        "recall": 0.7418397626112759,
        "f1-score": 0.7451564828614008,
        "support": 337.0
    },
    "3": {
        "precision": 0.4858757062146893,
        "recall": 0.5180722891566265,
        "f1-score": 0.5014577259475219,
        "support": 166.0
    },
    "4": {
        "precision": 0.8525798525798526,
        "recall": 0.8126463700234192,
        "f1-score": 0.8321342925659473,
        "support": 427.0
    },
    "5": {
        "precision": 0.4411764705882353,
        "recall": 0.625,
        "f1-score": 0.5172413793103449,
        "support": 24.0
    },
    "20": {
        "precision": 0.0,
        "recall": 0.0,
        "f1-score": 0.0,
        "support": 3.0
    },
    "accuracy": 0.7643898695318496,
    "macro avg": {
        "precision": 0.5628563120662671,
        "recall": 0.5931383496819832,
        "f1-score": 0.5751805229166893,
        "support": 1303.0
    },
    "weighted avg": {
        "precision": 0.7684541015459517,
        "recall": 0.7643898695318496,
        "f1-score": 0.7658918803673456,
        "support": 1303.0
    }
}