{
    "1": {
        "precision": 0.7365900383141762,
        "recall": 0.8233404710920771,
        "f1-score": 0.7775530839231548,
        "support": 1868.0
    },
    "2": {
        "precision": 0.8054696789536266,
        "recall": 0.8513258765866533,
        "f1-score": 0.8277631820125864,
        "support": 7957.0
    },
    "3": {
        "precision": 0.7405258171482709,
        "recall": 0.781625,
        "f1-score": 0.760520554609584,
        "support": 8000.0
    },
    "4": {
        "precision": 0.763124604680582,
        "recall": 0.6129032258064516,
        "f1-score": 0.6798140583180731,
        "support": 3937.0
    },
    "5": {
        "precision": 0.425,
        "recall": 0.4722222222222222,
        "f1-score": 0.4473684210526316,
        "support": 36.0
    },
    "6": {
        "precision": 0.0,
        "recall": 0.0,
        "f1-score": 0.0,
        "support": 1.0
    },
    "20": {
        "precision": 0.9010204081632653,
        "recall": 0.806392694063927,
        "f1-score": 0.8510843373493976,
        "support": 3285.0
    },
    "accuracy": 0.7831286876096316,
    "macro avg": {
        "precision": 0.6245329353228459,
        "recall": 0.6211156413959044,
        "f1-score": 0.6205862338950611,
        "support": 25084.0
    },
    "weighted avg": {
        "precision": 0.7849167825560052,
        "recall": 0.7831286876096316,
        "f1-score": 0.781832662090105,
        "support": 25084.0
    }
}