{
    "0": {
        "precision": 0.0,
        "recall": 0.0,
        "f1-score": 0.0,
        "support": 653.0
    },
    "1": {
        "precision": 0.6684709066305818,
        "recall": 0.33176628609805237,
        "f1-score": 0.44344703770197486,
        "support": 4467.0
    },
    "2": {
        "precision": 0.32355497609734896,
        "recall": 0.22431455257607713,
        "f1-score": 0.26494661921708185,
        "support": 6638.0
    },
    "3": {
        "precision": 0.2611598376750884,
        "recall": 0.28512219522652565,
        "f1-score": 0.2726154687072971,
        "support": 6997.0
    },
    "4": {
        "precision": 0.2246608580566891,
        "recall": 0.6379580331976198,
        "f1-score": 0.33230016313213706,
        "support": 3193.0
    },
    "5": {
        "precision": 0.3805309734513274,
        "recall": 0.18110709987966306,
        "f1-score": 0.24541377904606604,
        "support": 1662.0
    },
    "6": {
        "precision": 0.21639344262295082,
        "recall": 0.09691629955947137,
        "f1-score": 0.13387423935091278,
        "support": 681.0
    },
    "7": {
        "precision": 0.16363636363636364,
        "recall": 0.023017902813299233,
        "f1-score": 0.04035874439461883,
        "support": 391.0
    },
    "8": {
        "precision": 0.0,
        "recall": 0.0,
        "f1-score": 0.0,
        "support": 280.0
    },
    "9": {
        "precision": 0.0,
        "recall": 0.0,
        "f1-score": 0.0,
        "support": 310.0
    },
    "10": {
        "precision": 0.0,
        "recall": 0.0,
        "f1-score": 0.0,
        "support": 436.0
    },
    "11": {
        "precision": 0.024390243902439025,
        "recall": 0.0017730496453900709,
        "f1-score": 0.003305785123966942,
        "support": 564.0
    },
    "12": {
        "precision": 0.02127659574468085,
        "recall": 0.0013333333333333333,
        "f1-score": 0.002509410288582183,
        "support": 750.0
    },
    "13": {
        "precision": 0.0,
        "recall": 0.0,
        "f1-score": 0.0,
        "support": 643.0
    },
    "14": {
        "precision": 0.019230769230769232,
        "recall": 0.0018050541516245488,
        "f1-score": 0.0033003300330033,
        "support": 554.0
    },
    "15": {
        "precision": 0.0,
        "recall": 0.0,
        "f1-score": 0.0,
        "support": 443.0
    },
    "16": {
        "precision": 0.0,
        "recall": 0.0,
        "f1-score": 0.0,
        "support": 361.0
    },
    "17": {
        "precision": 0.0,
        "recall": 0.0,
        "f1-score": 0.0,
        "support": 320.0
    },
    "18": {
        "precision": 0.0,
        "recall": 0.0,
        "f1-score": 0.0,
        "support": 287.0
    },
    "19": {
        "precision": 0.0,
        "recall": 0.0,
        "f1-score": 0.0,
        "support": 245.0
    },
    "20": {
        "precision": 0.27840531561461795,
        "recall": 0.9715942028985507,
        "f1-score": 0.4327953518398967,
        "support": 1725.0
    },
    "accuracy": 0.28664556962025317,
    "macro avg": {
        "precision": 0.12293858488870749,
        "recall": 0.13127180997045748,
        "f1-score": 0.10356509184931131,
        "support": 31600.0
    },
    "weighted avg": {
        "precision": 0.2861677141039024,
        "recall": 0.28664556962025317,
        "f1-score": 0.2523763178266732,
        "support": 31600.0
    }
}