{
    "1": {
        "precision": 0.8420812414422638,
        "recall": 0.8322056833558863,
        "f1-score": 0.8371143375680582,
        "support": 2217.0
    },
    "2": {
        "precision": 0.7345422766003933,
        "recall": 0.7305519339417644,
        "f1-score": 0.7325416712060138,
        "support": 4602.0
    },
    "3": {
        "precision": 0.711080643150941,
        "recall": 0.7468255007199895,
        "f1-score": 0.7285148767718043,
        "support": 7639.0
    },
    "4": {
        "precision": 0.840483797352807,
        "recall": 0.8123966030660638,
        "f1-score": 0.8262015590824969,
        "support": 9067.0
    },
    "5": {
        "precision": 0.5606060606060606,
        "recall": 0.46776232616940583,
        "f1-score": 0.5099931082012406,
        "support": 791.0
    },
    "6": {
        "precision": 0.3622448979591837,
        "recall": 0.46557377049180326,
        "f1-score": 0.4074605451936872,
        "support": 305.0
    },
    "7": {
        "precision": 0.33962264150943394,
        "recall": 0.32727272727272727,
        "f1-score": 0.3333333333333333,
        "support": 55.0
    },
    "8": {
        "precision": 0.05,
        "recall": 0.3333333333333333,
        "f1-score": 0.08695652173913045,
        "support": 6.0
    },
    "9": {
        "precision": 0.0,
        "recall": 0.0,
        "f1-score": 0.0,
        "support": 11.0
    },
    "10": {
        "precision": 0.25,
        "recall": 0.05263157894736842,
        "f1-score": 0.08695652173913043,
        "support": 19.0
    },
    "11": {
        "precision": 0.10416666666666667,
        "recall": 0.12195121951219512,
        "f1-score": 0.11235955056179774,
        "support": 41.0
    },
    "12": {
        "precision": 0.20454545454545456,
        "recall": 0.19148936170212766,
        "f1-score": 0.19780219780219782,
        "support": 47.0
    },
    "13": {
        "precision": 0.15,
        "recall": 0.2692307692307692,
        "f1-score": 0.1926605504587156,
        "support": 78.0
    },
    "14": {
        "precision": 0.07407407407407407,
        "recall": 0.07692307692307693,
        "f1-score": 0.07547169811320754,
        "support": 52.0
    },
    "15": {
        "precision": 0.23076923076923078,
        "recall": 0.05263157894736842,
        "f1-score": 0.08571428571428572,
        "support": 57.0
    },
    "16": {
        "precision": 0.21428571428571427,
        "recall": 0.2891566265060241,
        "f1-score": 0.24615384615384617,
        "support": 83.0
    },
    "17": {
        "precision": 0.2606060606060606,
        "recall": 0.31851851851851853,
        "f1-score": 0.2866666666666667,
        "support": 135.0
    },
    "18": {
        "precision": 0.32195121951219513,
        "recall": 0.3350253807106599,
        "f1-score": 0.3283582089552239,
        "support": 197.0
    },
    "19": {
        "precision": 0.24271844660194175,
        "recall": 0.2808988764044944,
        "f1-score": 0.26041666666666663,
        "support": 178.0
    },
    "20": {
        "precision": 0.9660326086956522,
        "recall": 0.9448504983388705,
        "f1-score": 0.9553241518307021,
        "support": 6020.0
    },
    "accuracy": 0.7824050632911392,
    "macro avg": {
        "precision": 0.3729905517189037,
        "recall": 0.3824614682046224,
        "f1-score": 0.36450001488791023,
        "support": 31600.0
    },
    "weighted avg": {
        "precision": 0.787823572917009,
        "recall": 0.7824050632911392,
        "f1-score": 0.7845090286665475,
        "support": 31600.0
    }
}