{
    "1": {
        "precision": 0.8144734854207584,
        "recall": 0.953315649867374,
        "f1-score": 0.8784422356200098,
        "support": 5655.0
    },
    "2": {
        "precision": 0.7325508279186753,
        "recall": 0.8141160027952481,
        "f1-score": 0.7711827007943513,
        "support": 8586.0
    },
    "3": {
        "precision": 0.8598484848484849,
        "recall": 0.7902822977370771,
        "f1-score": 0.8235990061915842,
        "support": 13213.0
    },
    "4": {
        "precision": 0.7734104046242775,
        "recall": 0.5998206814106396,
        "f1-score": 0.6756438310048813,
        "support": 3346.0
    },
    "5": {
        "precision": 0.7485714285714286,
        "recall": 0.5981735159817352,
        "f1-score": 0.6649746192893401,
        "support": 219.0
    },
    "20": {
        "precision": 0.925,
        "recall": 0.72265625,
        "f1-score": 0.8114035087719298,
        "support": 256.0
    },
    "accuracy": 0.8040287769784172,
    "macro avg": {
        "precision": 0.8089757718972708,
        "recall": 0.746394066298679,
        "f1-score": 0.7708743169453495,
        "support": 31275.0
    },
    "weighted avg": {
        "precision": 0.8072030489399565,
        "recall": 0.8040287769784172,
        "f1-score": 0.8020857611086545,
        "support": 31275.0
    }
}{
    "1": {
        "precision": 0.8598288673722134,
        "recall": 0.9510585305105853,
        "f1-score": 0.9031456953642384,
        "support": 8030.0
    },
    "2": {
        "precision": 0.746378869639307,
        "recall": 0.7670753064798599,
        "f1-score": 0.7565855765078451,
        "support": 6852.0
    },
    "3": {
        "precision": 0.8718642400393507,
        "recall": 0.8433782712133228,
        "f1-score": 0.8573847146081909,
        "support": 12610.0
    },
    "4": {
        "precision": 0.7557015848473135,
        "recall": 0.6370153144346693,
        "f1-score": 0.6913012729844414,
        "support": 3069.0
    },
    "5": {
        "precision": 0.7417417417417418,
        "recall": 0.5894988066825776,
        "f1-score": 0.6569148936170213,
        "support": 419.0
    },
    "20": {
        "precision": 0.8583690987124464,
        "recall": 0.6779661016949152,
        "f1-score": 0.7575757575757576,
        "support": 295.0
    },
    "accuracy": 0.8290967226219025,
    "macro avg": {
        "precision": 0.8056474003920622,
        "recall": 0.7443320551693217,
        "f1-score": 0.7704846517762491,
        "support": 31275.0
    },
    "weighted avg": {
        "precision": 0.8280121094954431,
        "recall": 0.8290967226219025,
        "f1-score": 0.8271252230508555,
        "support": 31275.0
    }
}