{
    "0": {
        "precision": 0.0,
        "recall": 0.0,
        "f1-score": 0.0,
        "support": 387.0
    },
    "1": {
        "precision": 0.6509062253743105,
        "recall": 0.5221238938053098,
        "f1-score": 0.5794458084882498,
        "support": 1582.0
    },
    "2": {
        "precision": 0.5056220529561117,
        "recall": 0.6734299516908212,
        "f1-score": 0.5775844209654029,
        "support": 2070.0
    },
    "3": {
        "precision": 0.4765694076038904,
        "recall": 0.7101449275362319,
        "f1-score": 0.5703703703703704,
        "support": 2277.0
    },
    "4": {
        "precision": 0.3314097279472383,
        "recall": 0.32656376929325753,
        "f1-score": 0.32896890343698854,
        "support": 1231.0
    },
    "5": {
        "precision": 0.25735294117647056,
        "recall": 0.055379746835443035,
        "f1-score": 0.09114583333333333,
        "support": 632.0
    },
    "6": {
        "precision": 0.0,
        "recall": 0.0,
        "f1-score": 0.0,
        "support": 294.0
    },
    "7": {
        "precision": 0.0,
        "recall": 0.0,
        "f1-score": 0.0,
        "support": 125.0
    },
    "8": {
        "precision": 0.0,
        "recall": 0.0,
        "f1-score": 0.0,
        "support": 53.0
    },
    "9": {
        "precision": 0.0,
        "recall": 0.0,
        "f1-score": 0.0,
        "support": 24.0
    },
    "10": {
        "precision": 0.0,
        "recall": 0.0,
        "f1-score": 0.0,
        "support": 29.0
    },
    "11": {
        "precision": 0.0,
        "recall": 0.0,
        "f1-score": 0.0,
        "support": 16.0
    },
    "12": {
        "precision": 0.0,
        "recall": 0.0,
        "f1-score": 0.0,
        "support": 11.0
    },
    "13": {
        "precision": 0.0,
        "recall": 0.0,
        "f1-score": 0.0,
        "support": 3.0
    },
    "14": {
        "precision": 0.0,
        "recall": 0.0,
        "f1-score": 0.0,
        "support": 6.0
    },
    "15": {
        "precision": 0.0,
        "recall": 0.0,
        "f1-score": 0.0,
        "support": 4.0
    },
    "16": {
        "precision": 0.0,
        "recall": 0.0,
        "f1-score": 0.0,
        "support": 3.0
    },
    "17": {
        "precision": 0.0,
        "recall": 0.0,
        "f1-score": 0.0,
        "support": 5.0
    },
    "18": {
        "precision": 0.0,
        "recall": 0.0,
        "f1-score": 0.0,
        "support": 4.0
    },
    "19": {
        "precision": 0.0,
        "recall": 0.0,
        "f1-score": 0.0,
        "support": 1.0
    },
    "20": {
        "precision": 0.8928571428571429,
        "recall": 0.5555555555555556,
        "f1-score": 0.684931506849315,
        "support": 45.0
    },
    "accuracy": 0.4884117246080436,
    "macro avg": {
        "precision": 0.14831988085310308,
        "recall": 0.13539037355793426,
        "f1-score": 0.13487842111636478,
        "support": 8802.0
    },
    "weighted avg": {
        "precision": 0.42857428364354927,
        "recall": 0.4884117246080436,
        "f1-score": 0.44358136314087104,
        "support": 8802.0
    }
}