{
    "1": {
        "precision": 0.8509174311926605,
        "recall": 0.8770685579196218,
        "f1-score": 0.8637951105937137,
        "support": 1269.0
    },
    "2": {
        "precision": 0.7624492807082257,
        "recall": 0.749727965179543,
        "f1-score": 0.7560351133869788,
        "support": 2757.0
    },
    "3": {
        "precision": 0.7405701122948459,
        "recall": 0.7580312407898615,
        "f1-score": 0.7491989513545003,
        "support": 3393.0
    },
    "4": {
        "precision": 0.643312101910828,
        "recall": 0.5828524319868096,
        "f1-score": 0.6115916955017301,
        "support": 1213.0
    },
    "5": {
        "precision": 0.34146341463414637,
        "recall": 0.4117647058823529,
        "f1-score": 0.37333333333333335,
        "support": 136.0
    },
    "6": {
        "precision": 0.42857142857142855,
        "recall": 0.6,
        "f1-score": 0.5,
        "support": 5.0
    },
    "7": {
        "precision": 0.0,
        "recall": 0.0,
        "f1-score": 0.0,
        "support": 1.0
    },
    "20": {
        "precision": 0.275,
        "recall": 0.39285714285714285,
        "f1-score": 0.32352941176470584,
        "support": 28.0
    },
    "accuracy": 0.7417632356282663,
    "macro avg": {
        "precision": 0.5052854711640169,
        "recall": 0.5465377555769164,
        "f1-score": 0.5221854519918703,
        "support": 8802.0
    },
    "weighted avg": {
        "precision": 0.7420200794436961,
        "recall": 0.7417632356282663,
        "f1-score": 0.7415098532610187,
        "support": 8802.0
    }
}