{
    "0": {
        "precision": 1.0,
        "recall": 0.3333333333333333,
        "f1-score": 0.5,
        "support": 3.0
    },
    "1": {
        "precision": 0.8571428571428571,
        "recall": 0.2222222222222222,
        "f1-score": 0.35294117647058826,
        "support": 27.0
    },
    "2": {
        "precision": 0.4090909090909091,
        "recall": 0.25,
        "f1-score": 0.31034482758620685,
        "support": 36.0
    },
    "3": {
        "precision": 0.3684210526315789,
        "recall": 0.16279069767441862,
        "f1-score": 0.22580645161290322,
        "support": 43.0
    },
    "4": {
        "precision": 0.4444444444444444,
        "recall": 0.27586206896551724,
        "f1-score": 0.3404255319148936,
        "support": 29.0
    },
    "5": {
        "precision": 0.0,
        "recall": 0.0,
        "f1-score": 0.0,
        "support": 10.0
    },
    "6": {
        "precision": 0.0,
        "recall": 0.0,
        "f1-score": 0.0,
        "support": 1.0
    },
    "7": {
        "precision": 0.0,
        "recall": 0.0,
        "f1-score": 0.0,
        "support": 1.0
    },
    "10": {
        "precision": 0.0,
        "recall": 0.0,
        "f1-score": 0.0,
        "support": 1.0
    },
    "12": {
        "precision": 0.0,
        "recall": 0.0,
        "f1-score": 0.0,
        "support": 1.0
    },
    "15": {
        "precision": 0.0,
        "recall": 0.0,
        "f1-score": 0.0,
        "support": 2.0
    },
    "17": {
        "precision": 0.0,
        "recall": 0.0,
        "f1-score": 0.0,
        "support": 3.0
    },
    "18": {
        "precision": 0.0,
        "recall": 0.0,
        "f1-score": 0.0,
        "support": 4.0
    },
    "19": {
        "precision": 0.0,
        "recall": 0.0,
        "f1-score": 0.0,
        "support": 7.0
    },
    "20": {
        "precision": 0.889132821075741,
        "recall": 1.0,
        "f1-score": 0.9413131900058106,
        "support": 810.0
    },
    "accuracy": 0.8599182004089979,
    "macro avg": {
        "precision": 0.264548805625702,
        "recall": 0.14961388814636611,
        "f1-score": 0.17805541183936016,
        "support": 978.0
    },
    "weighted avg": {
        "precision": 0.8075651422224202,
        "recall": 0.8599182004089979,
        "f1-score": 0.8223389849768944,
        "support": 978.0
    }
}