{
    "0": {
        "precision": 0.0,
        "recall": 0.0,
        "f1-score": 0.0,
        "support": 1.0
    },
    "1": {
        "precision": 0.0,
        "recall": 0.0,
        "f1-score": 0.0,
        "support": 7.0
    },
    "2": {
        "precision": 0.4230769230769231,
        "recall": 0.5,
        "f1-score": 0.4583333333333333,
        "support": 22.0
    },
    "3": {
        "precision": 0.46153846153846156,
        "recall": 0.3157894736842105,
        "f1-score": 0.37499999999999994,
        "support": 19.0
    },
    "4": {
        "precision": 0.2702702702702703,
        "recall": 0.5555555555555556,
        "f1-score": 0.36363636363636365,
        "support": 18.0
    },
    "20": {
        "precision": 0.9889135254988913,
        "recall": 0.9791437980241493,
        "f1-score": 0.984004412575841,
        "support": 911.0
    },
    "accuracy": 0.9396728016359919,
    "macro avg": {
        "precision": 0.3572998633974243,
        "recall": 0.39174813787731927,
        "f1-score": 0.3634956849242563,
        "support": 978.0
    },
    "weighted avg": {
        "precision": 0.9446237317702229,
        "recall": 0.9396728016359919,
        "f1-score": 0.940881194003455,
        "support": 978.0
    }
}