{
    "0": {
        "precision": 0.0,
        "recall": 0.0,
        "f1-score": 0.0,
        "support": 697.0
    },
    "1": {
        "precision": 0.6477579686655862,
        "recall": 0.2589073634204275,
        "f1-score": 0.36994754705337857,
        "support": 4631.0
    },
    "2": {
        "precision": 0.2927155865024103,
        "recall": 0.16075893513752024,
        "f1-score": 0.20753821323459606,
        "support": 6799.0
    },
    "3": {
        "precision": 0.24322515891602542,
        "recall": 0.30376044568245125,
        "f1-score": 0.2701430606304577,
        "support": 7180.0
    },
    "4": {
        "precision": 0.21449335548172757,
        "recall": 0.6087212728344137,
        "f1-score": 0.3172117303853831,
        "support": 3394.0
    },
    "5": {
        "precision": 0.34472934472934474,
        "recall": 0.2185430463576159,
        "f1-score": 0.2675018422991894,
        "support": 1661.0
    },
    "6": {
        "precision": 0.2647058823529412,
        "recall": 0.1321762349799733,
        "f1-score": 0.17631344612644703,
        "support": 749.0
    },
    "7": {
        "precision": 0.0759493670886076,
        "recall": 0.016574585635359115,
        "f1-score": 0.027210884353741496,
        "support": 362.0
    },
    "8": {
        "precision": 0.125,
        "recall": 0.0037313432835820895,
        "f1-score": 0.007246376811594202,
        "support": 268.0
    },
    "9": {
        "precision": 0.0,
        "recall": 0.0,
        "f1-score": 0.0,
        "support": 305.0
    },
    "10": {
        "precision": 0.0,
        "recall": 0.0,
        "f1-score": 0.0,
        "support": 426.0
    },
    "11": {
        "precision": 0.0,
        "recall": 0.0,
        "f1-score": 0.0,
        "support": 583.0
    },
    "12": {
        "precision": 0.0,
        "recall": 0.0,
        "f1-score": 0.0,
        "support": 745.0
    },
    "13": {
        "precision": 0.015873015873015872,
        "recall": 0.0030911901081916537,
        "f1-score": 0.005174644243208279,
        "support": 647.0
    },
    "14": {
        "precision": 0.0,
        "recall": 0.0,
        "f1-score": 0.0,
        "support": 583.0
    },
    "15": {
        "precision": 0.0,
        "recall": 0.0,
        "f1-score": 0.0,
        "support": 430.0
    },
    "16": {
        "precision": 0.0,
        "recall": 0.0,
        "f1-score": 0.0,
        "support": 376.0
    },
    "17": {
        "precision": 0.0024096385542168677,
        "recall": 0.003246753246753247,
        "f1-score": 0.0027662517289073303,
        "support": 308.0
    },
    "18": {
        "precision": 0.0,
        "recall": 0.0,
        "f1-score": 0.0,
        "support": 295.0
    },
    "19": {
        "precision": 0.0,
        "recall": 0.0,
        "f1-score": 0.0,
        "support": 268.0
    },
    "20": {
        "precision": 0.19286687869150387,
        "recall": 0.9507278835386338,
        "f1-score": 0.3206798866855524,
        "support": 893.0
    },
    "accuracy": 0.24873417721518987,
    "macro avg": {
        "precision": 0.1152250569931133,
        "recall": 0.12667805020118678,
        "f1-score": 0.09389208969297409,
        "support": 31600.0
    },
    "weighted avg": {
        "precision": 0.2683349198108287,
        "recall": 0.24873417721518987,
        "f1-score": 0.22212854525120798,
        "support": 31600.0
    }
}