{
    "1": {
        "precision": 0.7802786709539121,
        "recall": 0.7866018368449487,
        "f1-score": 0.783427495291902,
        "support": 1851.0
    },
    "2": {
        "precision": 0.6249688512334911,
        "recall": 0.6716657739689341,
        "f1-score": 0.6474764424938686,
        "support": 3734.0
    },
    "3": {
        "precision": 0.7625433009274779,
        "recall": 0.7610126017620162,
        "f1-score": 0.7617771824067872,
        "support": 8967.0
    },
    "4": {
        "precision": 0.8236730360934182,
        "recall": 0.8055440199335548,
        "f1-score": 0.8145076632374554,
        "support": 9632.0
    },
    "5": {
        "precision": 0.5389681668496158,
        "recall": 0.466286799620133,
        "f1-score": 0.5,
        "support": 1053.0
    },
    "6": {
        "precision": 0.35984095427435386,
        "recall": 0.4839572192513369,
        "f1-score": 0.4127708095781072,
        "support": 374.0
    },
    "7": {
        "precision": 0.3877551020408163,
        "recall": 0.24050632911392406,
        "f1-score": 0.296875,
        "support": 79.0
    },
    "8": {
        "precision": 0.0,
        "recall": 0.0,
        "f1-score": 0.0,
        "support": 8.0
    },
    "9": {
        "precision": 0.25,
        "recall": 0.09090909090909091,
        "f1-score": 0.13333333333333333,
        "support": 11.0
    },
    "10": {
        "precision": 0.4444444444444444,
        "recall": 0.13333333333333333,
        "f1-score": 0.20512820512820512,
        "support": 30.0
    },
    "11": {
        "precision": 0.30303030303030304,
        "recall": 0.35294117647058826,
        "f1-score": 0.32608695652173914,
        "support": 85.0
    },
    "12": {
        "precision": 0.1,
        "recall": 0.034482758620689655,
        "f1-score": 0.05128205128205129,
        "support": 29.0
    },
    "13": {
        "precision": 0.22764227642276422,
        "recall": 0.2222222222222222,
        "f1-score": 0.22489959839357426,
        "support": 126.0
    },
    "14": {
        "precision": 0.31736526946107785,
        "recall": 0.29444444444444445,
        "f1-score": 0.30547550432276654,
        "support": 180.0
    },
    "15": {
        "precision": 0.22459893048128343,
        "recall": 0.375,
        "f1-score": 0.28093645484949836,
        "support": 112.0
    },
    "16": {
        "precision": 0.29577464788732394,
        "recall": 0.2971698113207547,
        "f1-score": 0.2964705882352941,
        "support": 212.0
    },
    "17": {
        "precision": 0.3683168316831683,
        "recall": 0.44819277108433736,
        "f1-score": 0.4043478260869565,
        "support": 415.0
    },
    "18": {
        "precision": 0.2761904761904762,
        "recall": 0.3314285714285714,
        "f1-score": 0.30129870129870134,
        "support": 175.0
    },
    "19": {
        "precision": 0.1683673469387755,
        "recall": 0.264,
        "f1-score": 0.20560747663551399,
        "support": 125.0
    },
    "20": {
        "precision": 0.9555715658021133,
        "recall": 0.9039073148568832,
        "f1-score": 0.929021713752043,
        "support": 4402.0
    },
    "accuracy": 0.750506329113924,
    "macro avg": {
        "precision": 0.41046650873574075,
        "recall": 0.3981803037592882,
        "f1-score": 0.3940361501423898,
        "support": 31600.0
    },
    "weighted avg": {
        "precision": 0.7572495659070193,
        "recall": 0.750506329113924,
        "f1-score": 0.7531194732686869,
        "support": 31600.0
    }
}