{
    "0": {
        "precision": 0.0,
        "recall": 0.0,
        "f1-score": 0.0,
        "support": 475.0
    },
    "1": {
        "precision": 0.5506715506715507,
        "recall": 0.1312190864125691,
        "f1-score": 0.21193609022556392,
        "support": 3437.0
    },
    "2": {
        "precision": 0.258160237388724,
        "recall": 0.2168592794017675,
        "f1-score": 0.2357142857142857,
        "support": 4413.0
    },
    "3": {
        "precision": 0.2702654232424677,
        "recall": 0.30723751274209987,
        "f1-score": 0.28756798015456536,
        "support": 4905.0
    },
    "4": {
        "precision": 0.24416873449131513,
        "recall": 0.3616760597892673,
        "f1-score": 0.29152676278886036,
        "support": 4081.0
    },
    "5": {
        "precision": 0.25734980826587134,
        "recall": 0.4956914238818219,
        "f1-score": 0.3388024120039265,
        "support": 2437.0
    },
    "6": {
        "precision": 0.18908629441624367,
        "recall": 0.12084347120843471,
        "f1-score": 0.1474517565561603,
        "support": 1233.0
    },
    "7": {
        "precision": 0.10609756097560975,
        "recall": 0.13530326594090203,
        "f1-score": 0.11893369788106631,
        "support": 643.0
    },
    "8": {
        "precision": 0.07894736842105263,
        "recall": 0.008287292817679558,
        "f1-score": 0.014999999999999998,
        "support": 362.0
    },
    "9": {
        "precision": 0.0,
        "recall": 0.0,
        "f1-score": 0.0,
        "support": 177.0
    },
    "10": {
        "precision": 0.0,
        "recall": 0.0,
        "f1-score": 0.0,
        "support": 119.0
    },
    "11": {
        "precision": 0.09090909090909091,
        "recall": 0.01694915254237288,
        "f1-score": 0.028571428571428574,
        "support": 59.0
    },
    "12": {
        "precision": 0.0,
        "recall": 0.0,
        "f1-score": 0.0,
        "support": 51.0
    },
    "13": {
        "precision": 0.0,
        "recall": 0.0,
        "f1-score": 0.0,
        "support": 35.0
    },
    "14": {
        "precision": 0.0,
        "recall": 0.0,
        "f1-score": 0.0,
        "support": 30.0
    },
    "15": {
        "precision": 0.0,
        "recall": 0.0,
        "f1-score": 0.0,
        "support": 29.0
    },
    "16": {
        "precision": 0.0,
        "recall": 0.0,
        "f1-score": 0.0,
        "support": 15.0
    },
    "17": {
        "precision": 0.0,
        "recall": 0.0,
        "f1-score": 0.0,
        "support": 20.0
    },
    "18": {
        "precision": 0.0,
        "recall": 0.0,
        "f1-score": 0.0,
        "support": 11.0
    },
    "19": {
        "precision": 0.0,
        "recall": 0.0,
        "f1-score": 0.0,
        "support": 9.0
    },
    "20": {
        "precision": 0.1111111111111111,
        "recall": 0.125,
        "f1-score": 0.11764705882352941,
        "support": 80.0
    },
    "accuracy": 0.2585650501746165,
    "macro avg": {
        "precision": 0.10270319904252559,
        "recall": 0.09138412117794832,
        "f1-score": 0.08538816536758984,
        "support": 22621.0
    },
    "weighted avg": {
        "precision": 0.27962428017352636,
        "recall": 0.2585650501746165,
        "f1-score": 0.2417817287997137,
        "support": 22621.0
    }
}