{
    "1": {
        "precision": 0.5816448152562574,
        "recall": 0.5958485958485958,
        "f1-score": 0.5886610373944511,
        "support": 819.0
    },
    "2": {
        "precision": 0.6196549137284321,
        "recall": 0.6684650660911788,
        "f1-score": 0.6431352193096289,
        "support": 3707.0
    },
    "3": {
        "precision": 0.5798303123794832,
        "recall": 0.5392754662840746,
        "f1-score": 0.5588180635569596,
        "support": 5576.0
    },
    "4": {
        "precision": 0.6374259644629422,
        "recall": 0.6587262200165426,
        "f1-score": 0.6479010738691832,
        "support": 6045.0
    },
    "5": {
        "precision": 0.6561555075593952,
        "recall": 0.6472092032381764,
        "f1-score": 0.6516516516516516,
        "support": 4694.0
    },
    "6": {
        "precision": 0.2615979381443299,
        "recall": 0.25761421319796957,
        "f1-score": 0.2595907928388747,
        "support": 788.0
    },
    "7": {
        "precision": 0.4970414201183432,
        "recall": 0.5121951219512195,
        "f1-score": 0.5045045045045046,
        "support": 820.0
    },
    "8": {
        "precision": 0.5,
        "recall": 0.13157894736842105,
        "f1-score": 0.20833333333333334,
        "support": 38.0
    },
    "9": {
        "precision": 0.0,
        "recall": 0.0,
        "f1-score": 0.0,
        "support": 8.0
    },
    "10": {
        "precision": 0.0,
        "recall": 0.0,
        "f1-score": 0.0,
        "support": 1.0
    },
    "11": {
        "precision": 0.15789473684210525,
        "recall": 0.2727272727272727,
        "f1-score": 0.19999999999999998,
        "support": 11.0
    },
    "12": {
        "precision": 0.0,
        "recall": 0.0,
        "f1-score": 0.0,
        "support": 1.0
    },
    "13": {
        "precision": 0.4,
        "recall": 0.15384615384615385,
        "f1-score": 0.2222222222222222,
        "support": 13.0
    },
    "14": {
        "precision": 0.0,
        "recall": 0.0,
        "f1-score": 0.0,
        "support": 2.0
    },
    "15": {
        "precision": 0.0,
        "recall": 0.0,
        "f1-score": 0.0,
        "support": 2.0
    },
    "16": {
        "precision": 0.0,
        "recall": 0.0,
        "f1-score": 0.0,
        "support": 1.0
    },
    "17": {
        "precision": 0.1,
        "recall": 0.25,
        "f1-score": 0.14285714285714288,
        "support": 4.0
    },
    "19": {
        "precision": 0.0,
        "recall": 0.0,
        "f1-score": 0.0,
        "support": 1.0
    },
    "20": {
        "precision": 0.36363636363636365,
        "recall": 0.2222222222222222,
        "f1-score": 0.27586206896551724,
        "support": 90.0
    },
    "accuracy": 0.6032889792670527,
    "macro avg": {
        "precision": 0.2818358932698764,
        "recall": 0.2584057096206225,
        "f1-score": 0.2580809005528142,
        "support": 22621.0
    },
    "weighted avg": {
        "precision": 0.6017670683419727,
        "recall": 0.6032889792670527,
        "f1-score": 0.6018414669191074,
        "support": 22621.0
    }
}