{
    "1": {
        "precision": 0.9312977099236641,
        "recall": 0.9644268774703557,
        "f1-score": 0.9475728155339807,
        "support": 1265.0
    },
    "2": {
        "precision": 0.8841285296981499,
        "recall": 0.8485981308411215,
        "f1-score": 0.865999046256557,
        "support": 1070.0
    },
    "3": {
        "precision": 0.8228070175438597,
        "recall": 0.8555792034052904,
        "f1-score": 0.8388731554628112,
        "support": 3289.0
    },
    "4": {
        "precision": 0.731785944551902,
        "recall": 0.6712004730928445,
        "f1-score": 0.7001850709438617,
        "support": 1691.0
    },
    "5": {
        "precision": 0.25,
        "recall": 0.2647058823529412,
        "f1-score": 0.2571428571428572,
        "support": 34.0
    },
    "20": {
        "precision": 0.7986577181208053,
        "recall": 0.8263888888888888,
        "f1-score": 0.8122866894197951,
        "support": 144.0
    },
    "accuracy": 0.8281062324836514,
    "macro avg": {
        "precision": 0.7364461533063968,
        "recall": 0.7384832426752403,
        "f1-score": 0.7370099391266437,
        "support": 7493.0
    },
    "weighted avg": {
        "precision": 0.8262749438380984,
        "recall": 0.8281062324836514,
        "f1-score": 0.8266485379484272,
        "support": 7493.0
    }
}