{
    "1": {
        "precision": 0.8122350090854028,
        "recall": 0.8391739674593242,
        "f1-score": 0.8254847645429363,
        "support": 1598.0
    },
    "2": {
        "precision": 0.6849194729136164,
        "recall": 0.7081441114138661,
        "f1-score": 0.6963381958916344,
        "support": 3303.0
    },
    "3": {
        "precision": 0.7721740823678318,
        "recall": 0.7977268155300744,
        "f1-score": 0.7847424924553504,
        "support": 9942.0
    },
    "4": {
        "precision": 0.6830311672438378,
        "recall": 0.7317765168048886,
        "f1-score": 0.7065641133705616,
        "support": 9164.0
    },
    "5": {
        "precision": 0.5866188769414575,
        "recall": 0.4771622934888241,
        "f1-score": 0.5262593783494105,
        "support": 2058.0
    },
    "6": {
        "precision": 0.4370015948963317,
        "recall": 0.44122383252818037,
        "f1-score": 0.43910256410256415,
        "support": 621.0
    },
    "7": {
        "precision": 0.39814814814814814,
        "recall": 0.36752136752136755,
        "f1-score": 0.38222222222222224,
        "support": 117.0
    },
    "8": {
        "precision": 0.14285714285714285,
        "recall": 0.04,
        "f1-score": 0.0625,
        "support": 25.0
    },
    "9": {
        "precision": 0.0,
        "recall": 0.0,
        "f1-score": 0.0,
        "support": 4.0
    },
    "20": {
        "precision": 0.963443867359169,
        "recall": 0.8395126196692776,
        "f1-score": 0.8972188633615478,
        "support": 5745.0
    },
    "accuracy": 0.7502225496515946,
    "macro avg": {
        "precision": 0.5480429361812937,
        "recall": 0.5242241524415803,
        "f1-score": 0.5320432594296227,
        "support": 32577.0
    },
    "weighted avg": {
        "precision": 0.7539144895519843,
        "recall": 0.7502225496515946,
        "f1-score": 0.7506069457792759,
        "support": 32577.0
    }
}