{
    "1": {
        "precision": 0.8180242634315424,
        "recall": 0.87569573283859,
        "f1-score": 0.845878136200717,
        "support": 1078.0
    },
    "2": {
        "precision": 0.6837979094076655,
        "recall": 0.6843940714908456,
        "f1-score": 0.6840958605664487,
        "support": 1147.0
    },
    "3": {
        "precision": 0.7837682821909951,
        "recall": 0.7731258840169731,
        "f1-score": 0.7784107091996582,
        "support": 3535.0
    },
    "4": {
        "precision": 0.6707783921735432,
        "recall": 0.6651202024462253,
        "f1-score": 0.6679373146971623,
        "support": 2371.0
    },
    "5": {
        "precision": 0.5706521739130435,
        "recall": 0.5625,
        "f1-score": 0.566546762589928,
        "support": 560.0
    },
    "6": {
        "precision": 0.07142857142857142,
        "recall": 0.11764705882352941,
        "f1-score": 0.08888888888888889,
        "support": 17.0
    },
    "7": {
        "precision": 0.08695652173913043,
        "recall": 0.13333333333333333,
        "f1-score": 0.10526315789473685,
        "support": 15.0
    },
    "9": {
        "precision": 0.0,
        "recall": 0.0,
        "f1-score": 0.0,
        "support": 2.0
    },
    "10": {
        "precision": 0.0,
        "recall": 0.0,
        "f1-score": 0.0,
        "support": 2.0
    },
    "11": {
        "precision": 0.09090909090909091,
        "recall": 0.07692307692307693,
        "f1-score": 0.08333333333333334,
        "support": 13.0
    },
    "12": {
        "precision": 0.25,
        "recall": 0.07142857142857142,
        "f1-score": 0.11111111111111112,
        "support": 14.0
    },
    "13": {
        "precision": 0.16666666666666666,
        "recall": 0.25,
        "f1-score": 0.2,
        "support": 4.0
    },
    "14": {
        "precision": 0.0,
        "recall": 0.0,
        "f1-score": 0.0,
        "support": 1.0
    },
    "15": {
        "precision": 0.0,
        "recall": 0.0,
        "f1-score": 0.0,
        "support": 5.0
    },
    "17": {
        "precision": 0.0,
        "recall": 0.0,
        "f1-score": 0.0,
        "support": 1.0
    },
    "19": {
        "precision": 0.0,
        "recall": 0.0,
        "f1-score": 0.0,
        "support": 2.0
    },
    "20": {
        "precision": 0.47368421052631576,
        "recall": 0.5142857142857142,
        "f1-score": 0.4931506849315068,
        "support": 35.0
    },
    "accuracy": 0.724721654169507,
    "macro avg": {
        "precision": 0.2745097695521509,
        "recall": 0.2779090379756976,
        "f1-score": 0.27203623290667595,
        "support": 8802.0
    },
    "weighted avg": {
        "precision": 0.7238348201098633,
        "recall": 0.724721654169507,
        "f1-score": 0.7240321769431078,
        "support": 8802.0
    }
}