{
    "0": {
        "precision": 0.0,
        "recall": 0.0,
        "f1-score": 0.0,
        "support": 635.0
    },
    "1": {
        "precision": 0.6004742145820984,
        "recall": 0.24182382430174265,
        "f1-score": 0.34479237576582705,
        "support": 4189.0
    },
    "2": {
        "precision": 0.2885456885456886,
        "recall": 0.17122346112723386,
        "f1-score": 0.21491564417177916,
        "support": 6547.0
    },
    "3": {
        "precision": 0.24377540650406504,
        "recall": 0.27575801120850696,
        "f1-score": 0.2587822803587081,
        "support": 6959.0
    },
    "4": {
        "precision": 0.21280740199659118,
        "recall": 0.5308229577892499,
        "f1-score": 0.30381506908838096,
        "support": 3293.0
    },
    "5": {
        "precision": 0.29305002213368747,
        "recall": 0.4155681104833647,
        "f1-score": 0.34371754932502596,
        "support": 1593.0
    },
    "6": {
        "precision": 0.17777777777777778,
        "recall": 0.04915514592933948,
        "f1-score": 0.07701564380264742,
        "support": 651.0
    },
    "7": {
        "precision": 0.08695652173913043,
        "recall": 0.005063291139240506,
        "f1-score": 0.009569377990430622,
        "support": 395.0
    },
    "8": {
        "precision": 0.0,
        "recall": 0.0,
        "f1-score": 0.0,
        "support": 246.0
    },
    "9": {
        "precision": 0.02,
        "recall": 0.003472222222222222,
        "f1-score": 0.00591715976331361,
        "support": 288.0
    },
    "10": {
        "precision": 0.0,
        "recall": 0.0,
        "f1-score": 0.0,
        "support": 425.0
    },
    "11": {
        "precision": 0.0,
        "recall": 0.0,
        "f1-score": 0.0,
        "support": 578.0
    },
    "12": {
        "precision": 0.018867924528301886,
        "recall": 0.0014367816091954023,
        "f1-score": 0.0026702269692923898,
        "support": 696.0
    },
    "13": {
        "precision": 0.0,
        "recall": 0.0,
        "f1-score": 0.0,
        "support": 678.0
    },
    "14": {
        "precision": 0.0,
        "recall": 0.0,
        "f1-score": 0.0,
        "support": 557.0
    },
    "15": {
        "precision": 0.0,
        "recall": 0.0,
        "f1-score": 0.0,
        "support": 457.0
    },
    "16": {
        "precision": 0.0,
        "recall": 0.0,
        "f1-score": 0.0,
        "support": 437.0
    },
    "17": {
        "precision": 0.0,
        "recall": 0.0,
        "f1-score": 0.0,
        "support": 344.0
    },
    "18": {
        "precision": 0.0,
        "recall": 0.0,
        "f1-score": 0.0,
        "support": 297.0
    },
    "19": {
        "precision": 0.0,
        "recall": 0.0,
        "f1-score": 0.0,
        "support": 249.0
    },
    "20": {
        "precision": 0.265284011762885,
        "recall": 0.9733106189664963,
        "f1-score": 0.41693018730235953,
        "support": 1761.0
    },
    "accuracy": 0.26260591526778576,
    "macro avg": {
        "precision": 0.1051209033128679,
        "recall": 0.12703021070364726,
        "f1-score": 0.0941964530732269,
        "support": 31275.0
    },
    "weighted avg": {
        "precision": 0.2527472422476415,
        "recall": 0.26260591526778576,
        "f1-score": 0.2235636361412759,
        "support": 31275.0
    }
}{
    "0": {
        "precision": 0.0,
        "recall": 0.0,
        "f1-score": 0.0,
        "support": 635.0
    },
    "1": {
        "precision": 0.6256860592755215,
        "recall": 0.2721413225113392,
        "f1-score": 0.3793046082182665,
        "support": 4189.0
    },
    "2": {
        "precision": 0.31640538750276,
        "recall": 0.21887887582098672,
        "f1-score": 0.258757674250632,
        "support": 6547.0
    },
    "3": {
        "precision": 0.2673760775862069,
        "recall": 0.28524213249030034,
        "f1-score": 0.27602030174511577,
        "support": 6959.0
    },
    "4": {
        "precision": 0.21882270823638902,
        "recall": 0.5712116610993015,
        "f1-score": 0.3164269492808478,
        "support": 3293.0
    },
    "5": {
        "precision": 0.2976588628762542,
        "recall": 0.3352165725047081,
        "f1-score": 0.31532329495128436,
        "support": 1593.0
    },
    "6": {
        "precision": 0.125,
        "recall": 0.0030721966205837174,
        "f1-score": 0.005997001499250375,
        "support": 651.0
    },
    "7": {
        "precision": 0.12195121951219512,
        "recall": 0.012658227848101266,
        "f1-score": 0.02293577981651376,
        "support": 395.0
    },
    "8": {
        "precision": 0.0,
        "recall": 0.0,
        "f1-score": 0.0,
        "support": 246.0
    },
    "9": {
        "precision": 0.0,
        "recall": 0.0,
        "f1-score": 0.0,
        "support": 288.0
    },
    "10": {
        "precision": 0.0,
        "recall": 0.0,
        "f1-score": 0.0,
        "support": 425.0
    },
    "11": {
        "precision": 0.0,
        "recall": 0.0,
        "f1-score": 0.0,
        "support": 578.0
    },
    "12": {
        "precision": 0.018518518518518517,
        "recall": 0.0014367816091954023,
        "f1-score": 0.0026666666666666666,
        "support": 696.0
    },
    "13": {
        "precision": 0.0,
        "recall": 0.0,
        "f1-score": 0.0,
        "support": 678.0
    },
    "14": {
        "precision": 0.0,
        "recall": 0.0,
        "f1-score": 0.0,
        "support": 557.0
    },
    "15": {
        "precision": 0.0,
        "recall": 0.0,
        "f1-score": 0.0,
        "support": 457.0
    },
    "16": {
        "precision": 0.0,
        "recall": 0.0,
        "f1-score": 0.0,
        "support": 437.0
    },
    "17": {
        "precision": 0.0,
        "recall": 0.0,
        "f1-score": 0.0,
        "support": 344.0
    },
    "18": {
        "precision": 0.0,
        "recall": 0.0,
        "f1-score": 0.0,
        "support": 297.0
    },
    "19": {
        "precision": 0.0,
        "recall": 0.0,
        "f1-score": 0.0,
        "support": 249.0
    },
    "20": {
        "precision": 0.26840706581209944,
        "recall": 0.9750141964792731,
        "f1-score": 0.4209365040451092,
        "support": 1761.0
    },
    "accuracy": 0.2781135091926459,
    "macro avg": {
        "precision": 0.10761075711047356,
        "recall": 0.12737485557065664,
        "f1-score": 0.09516041811779459,
        "support": 31275.0
    },
    "weighted avg": {
        "precision": 0.2674029834846925,
        "recall": 0.2781135091926459,
        "f1-score": 0.23994281676916598,
        "support": 31275.0
    }
}