{
    "1": {
        "precision": 0.7954929577464789,
        "recall": 0.8369887374036752,
        "f1-score": 0.8157134604274985,
        "support": 1687.0
    },
    "2": {
        "precision": 0.6783083219645293,
        "recall": 0.6398970398970399,
        "f1-score": 0.6585430463576158,
        "support": 3885.0
    },
    "3": {
        "precision": 0.706151990349819,
        "recall": 0.7436483739837398,
        "f1-score": 0.7244152951367405,
        "support": 7872.0
    },
    "4": {
        "precision": 0.7605400585912623,
        "recall": 0.7269296323350377,
        "f1-score": 0.743355119825708,
        "support": 8214.0
    },
    "5": {
        "precision": 0.6331804918716132,
        "recall": 0.6724214254094733,
        "f1-score": 0.652211249463289,
        "support": 2259.0
    },
    "6": {
        "precision": 0.35,
        "recall": 0.19444444444444445,
        "f1-score": 0.25,
        "support": 180.0
    },
    "7": {
        "precision": 0.0,
        "recall": 0.0,
        "f1-score": 0.0,
        "support": 23.0
    },
    "8": {
        "precision": 0.0625,
        "recall": 0.25,
        "f1-score": 0.1,
        "support": 4.0
    },
    "9": {
        "precision": 0.16666666666666666,
        "recall": 0.14,
        "f1-score": 0.15217391304347827,
        "support": 50.0
    },
    "10": {
        "precision": 0.1282051282051282,
        "recall": 0.2777777777777778,
        "f1-score": 0.17543859649122806,
        "support": 18.0
    },
    "11": {
        "precision": 0.3611111111111111,
        "recall": 0.3611111111111111,
        "f1-score": 0.3611111111111111,
        "support": 36.0
    },
    "12": {
        "precision": 0.34,
        "recall": 0.32075471698113206,
        "f1-score": 0.3300970873786408,
        "support": 53.0
    },
    "13": {
        "precision": 0.4,
        "recall": 0.18604651162790697,
        "f1-score": 0.25396825396825395,
        "support": 43.0
    },
    "14": {
        "precision": 0.22727272727272727,
        "recall": 0.14492753623188406,
        "f1-score": 0.17699115044247787,
        "support": 69.0
    },
    "15": {
        "precision": 0.2,
        "recall": 0.3953488372093023,
        "f1-score": 0.265625,
        "support": 43.0
    },
    "16": {
        "precision": 0.3108108108108108,
        "recall": 0.27218934911242604,
        "f1-score": 0.2902208201892744,
        "support": 169.0
    },
    "17": {
        "precision": 0.0,
        "recall": 0.0,
        "f1-score": 0.0,
        "support": 6.0
    },
    "18": {
        "precision": 0.36059479553903345,
        "recall": 0.4801980198019802,
        "f1-score": 0.4118895966029724,
        "support": 202.0
    },
    "19": {
        "precision": 0.0,
        "recall": 0.0,
        "f1-score": 0.0,
        "support": 1.0
    },
    "20": {
        "precision": 0.9689730065156686,
        "recall": 0.9667234174276428,
        "f1-score": 0.9678469047803517,
        "support": 6461.0
    },
    "accuracy": 0.7592006394884093,
    "macro avg": {
        "precision": 0.3724904033322425,
        "recall": 0.3804703465377287,
        "f1-score": 0.366480030260932,
        "support": 31275.0
    },
    "weighted avg": {
        "precision": 0.7592574997805716,
        "recall": 0.7592006394884093,
        "f1-score": 0.7585334681750847,
        "support": 31275.0
    }
}{
    "1": {
        "precision": 0.806347498655191,
        "recall": 0.822722283205269,
        "f1-score": 0.8144525944036948,
        "support": 1822.0
    },
    "2": {
        "precision": 0.7566184649610679,
        "recall": 0.7509383969971296,
        "f1-score": 0.753767730496454,
        "support": 4529.0
    },
    "3": {
        "precision": 0.7341307598205791,
        "recall": 0.7275053879310345,
        "f1-score": 0.730803057979839,
        "support": 7424.0
    },
    "4": {
        "precision": 0.8001644736842105,
        "recall": 0.7923452768729642,
        "f1-score": 0.7962356792144025,
        "support": 8596.0
    },
    "5": {
        "precision": 0.612664907651715,
        "recall": 0.6471571906354515,
        "f1-score": 0.6294388723231227,
        "support": 1794.0
    },
    "6": {
        "precision": 0.3333333333333333,
        "recall": 0.4375,
        "f1-score": 0.37837837837837834,
        "support": 16.0
    },
    "7": {
        "precision": 0.43478260869565216,
        "recall": 0.24390243902439024,
        "f1-score": 0.3125,
        "support": 41.0
    },
    "8": {
        "precision": 0.2,
        "recall": 0.09090909090909091,
        "f1-score": 0.12500000000000003,
        "support": 11.0
    },
    "9": {
        "precision": 0.35,
        "recall": 0.25925925925925924,
        "f1-score": 0.29787234042553196,
        "support": 27.0
    },
    "10": {
        "precision": 0.0,
        "recall": 0.0,
        "f1-score": 0.0,
        "support": 2.0
    },
    "11": {
        "precision": 0.07692307692307693,
        "recall": 0.03125,
        "f1-score": 0.044444444444444446,
        "support": 32.0
    },
    "12": {
        "precision": 0.38,
        "recall": 0.35185185185185186,
        "f1-score": 0.3653846153846154,
        "support": 54.0
    },
    "13": {
        "precision": 0.32857142857142857,
        "recall": 0.5,
        "f1-score": 0.39655172413793105,
        "support": 46.0
    },
    "14": {
        "precision": 0.23529411764705882,
        "recall": 0.3076923076923077,
        "f1-score": 0.26666666666666666,
        "support": 78.0
    },
    "15": {
        "precision": 0.28,
        "recall": 0.2222222222222222,
        "f1-score": 0.24778761061946905,
        "support": 63.0
    },
    "16": {
        "precision": 0.25,
        "recall": 0.2676056338028169,
        "f1-score": 0.2585034013605442,
        "support": 71.0
    },
    "17": {
        "precision": 0.2677165354330709,
        "recall": 0.35051546391752575,
        "f1-score": 0.30357142857142855,
        "support": 97.0
    },
    "18": {
        "precision": 0.2554347826086957,
        "recall": 0.3333333333333333,
        "f1-score": 0.28923076923076924,
        "support": 141.0
    },
    "19": {
        "precision": 0.0851063829787234,
        "recall": 0.11764705882352941,
        "f1-score": 0.09876543209876544,
        "support": 34.0
    },
    "20": {
        "precision": 0.9756633694457528,
        "recall": 0.9713928403939347,
        "f1-score": 0.9735234215885947,
        "support": 6397.0
    },
    "accuracy": 0.7896722621902478,
    "macro avg": {
        "precision": 0.4081375870204778,
        "recall": 0.4112875018436055,
        "f1-score": 0.4041439083662327,
        "support": 31275.0
    },
    "weighted avg": {
        "precision": 0.7915669632829995,
        "recall": 0.7896722621902478,
        "f1-score": 0.7904250031955253,
        "support": 31275.0
    }
}