{
    "0": {
        "precision": 0.0,
        "recall": 0.0,
        "f1-score": 0.0,
        "support": 1.0
    },
    "1": {
        "precision": 0.8166122258516099,
        "recall": 0.9239704329461457,
        "f1-score": 0.8669804310131285,
        "support": 5682.0
    },
    "2": {
        "precision": 0.7346229409097779,
        "recall": 0.7332931060491779,
        "f1-score": 0.7339574211082591,
        "support": 6629.0
    },
    "3": {
        "precision": 0.6393061138142585,
        "recall": 0.617364657814096,
        "f1-score": 0.6281438370401163,
        "support": 4895.0
    },
    "4": {
        "precision": 0.8298621745788668,
        "recall": 0.7671291053227633,
        "f1-score": 0.7972634986023246,
        "support": 7064.0
    },
    "5": {
        "precision": 0.4749536178107607,
        "recall": 0.5109780439121756,
        "f1-score": 0.4923076923076923,
        "support": 501.0
    },
    "11": {
        "precision": 0.6038961038961039,
        "recall": 0.8979310344827586,
        "f1-score": 0.7221297836938435,
        "support": 725.0
    },
    "12": {
        "precision": 0.0,
        "recall": 0.0,
        "f1-score": 0.0,
        "support": 16.0
    },
    "20": {
        "precision": 0.9640377425672066,
        "recall": 0.8896007885657959,
        "f1-score": 0.9253246753246752,
        "support": 6087.0
    },
    "accuracy": 0.7871518987341772,
    "macro avg": {
        "precision": 0.5625878799365095,
        "recall": 0.5933630187881014,
        "f1-score": 0.57401192656556,
        "support": 31600.0
    },
    "weighted avg": {
        "precision": 0.7925705742968395,
        "recall": 0.7871518987341772,
        "f1-score": 0.7880019473324976,
        "support": 31600.0
    }
}