{
    "0": {
        "precision": 0.9090909090909091,
        "recall": 0.042105263157894736,
        "f1-score": 0.08048289738430583,
        "support": 475.0
    },
    "1": {
        "precision": 0.5263975155279503,
        "recall": 0.09863252836776258,
        "f1-score": 0.1661357510414114,
        "support": 3437.0
    },
    "2": {
        "precision": 0.2740681147760794,
        "recall": 0.2315884885565375,
        "f1-score": 0.2510439695406534,
        "support": 4413.0
    },
    "3": {
        "precision": 0.32040844487374087,
        "recall": 0.47339449541284406,
        "f1-score": 0.38215931533903885,
        "support": 4905.0
    },
    "4": {
        "precision": 0.3736760124610592,
        "recall": 0.587846116148003,
        "f1-score": 0.4569088658223026,
        "support": 4081.0
    },
    "5": {
        "precision": 0.3699836867862969,
        "recall": 0.4653262207632335,
        "f1-score": 0.4122137404580153,
        "support": 2437.0
    },
    "6": {
        "precision": 0.38303341902313626,
        "recall": 0.24168694241686942,
        "f1-score": 0.29636996519144704,
        "support": 1233.0
    },
    "7": {
        "precision": 0.2888402625820569,
        "recall": 0.2052877138413686,
        "f1-score": 0.24000000000000002,
        "support": 643.0
    },
    "8": {
        "precision": 0.28125,
        "recall": 0.049723756906077346,
        "f1-score": 0.08450704225352113,
        "support": 362.0
    },
    "9": {
        "precision": 0.10714285714285714,
        "recall": 0.03389830508474576,
        "f1-score": 0.051502145922746774,
        "support": 177.0
    },
    "10": {
        "precision": 0.047619047619047616,
        "recall": 0.008403361344537815,
        "f1-score": 0.014285714285714285,
        "support": 119.0
    },
    "11": {
        "precision": 0.0,
        "recall": 0.0,
        "f1-score": 0.0,
        "support": 59.0
    },
    "12": {
        "precision": 0.0,
        "recall": 0.0,
        "f1-score": 0.0,
        "support": 51.0
    },
    "13": {
        "precision": 0.0,
        "recall": 0.0,
        "f1-score": 0.0,
        "support": 35.0
    },
    "14": {
        "precision": 0.0,
        "recall": 0.0,
        "f1-score": 0.0,
        "support": 30.0
    },
    "15": {
        "precision": 0.0,
        "recall": 0.0,
        "f1-score": 0.0,
        "support": 29.0
    },
    "16": {
        "precision": 0.0,
        "recall": 0.0,
        "f1-score": 0.0,
        "support": 15.0
    },
    "17": {
        "precision": 0.0,
        "recall": 0.0,
        "f1-score": 0.0,
        "support": 20.0
    },
    "18": {
        "precision": 0.0,
        "recall": 0.0,
        "f1-score": 0.0,
        "support": 11.0
    },
    "19": {
        "precision": 0.0,
        "recall": 0.0,
        "f1-score": 0.0,
        "support": 9.0
    },
    "20": {
        "precision": 0.37606837606837606,
        "recall": 0.55,
        "f1-score": 0.4467005076142132,
        "support": 80.0
    },
    "accuracy": 0.3419389063259803,
    "macro avg": {
        "precision": 0.20274184028340522,
        "recall": 0.14228062819047022,
        "f1-score": 0.1372528530882557,
        "support": 22621.0
    },
    "weighted avg": {
        "precision": 0.3652918935420311,
        "recall": 0.3419389063259803,
        "f1-score": 0.31199699551916615,
        "support": 22621.0
    }
}