{
    "0": {
        "precision": 0.14705882352941177,
        "recall": 0.22727272727272727,
        "f1-score": 0.17857142857142858,
        "support": 22.0
    },
    "1": {
        "precision": 0.5488721804511278,
        "recall": 0.5667701863354038,
        "f1-score": 0.557677616501146,
        "support": 644.0
    },
    "2": {
        "precision": 0.6641708264004437,
        "recall": 0.6422633413783856,
        "f1-score": 0.653033401499659,
        "support": 3729.0
    },
    "3": {
        "precision": 0.6397950930169857,
        "recall": 0.6548916793155789,
        "f1-score": 0.6472553699284009,
        "support": 7247.0
    },
    "4": {
        "precision": 0.5943152454780362,
        "recall": 0.6090342679127726,
        "f1-score": 0.6015847372874836,
        "support": 6420.0
    },
    "5": {
        "precision": 0.49019607843137253,
        "recall": 0.4730831973898858,
        "f1-score": 0.4814876307487963,
        "support": 3065.0
    },
    "6": {
        "precision": 0.30671736375158426,
        "recall": 0.3110539845758355,
        "f1-score": 0.30887045309508615,
        "support": 778.0
    },
    "7": {
        "precision": 0.4098360655737705,
        "recall": 0.3282275711159737,
        "f1-score": 0.3645200486026731,
        "support": 457.0
    },
    "8": {
        "precision": 0.25,
        "recall": 0.171875,
        "f1-score": 0.2037037037037037,
        "support": 64.0
    },
    "9": {
        "precision": 0.21666666666666667,
        "recall": 0.23214285714285715,
        "f1-score": 0.22413793103448276,
        "support": 56.0
    },
    "10": {
        "precision": 0.1111111111111111,
        "recall": 0.09523809523809523,
        "f1-score": 0.10256410256410256,
        "support": 21.0
    },
    "11": {
        "precision": 0.0,
        "recall": 0.0,
        "f1-score": 0.0,
        "support": 1.0
    },
    "20": {
        "precision": 0.4642857142857143,
        "recall": 0.3333333333333333,
        "f1-score": 0.3880597014925373,
        "support": 117.0
    },
    "accuracy": 0.5891870385924584,
    "macro avg": {
        "precision": 0.37254039759201724,
        "recall": 0.35732201853929596,
        "f1-score": 0.3624204711561153,
        "support": 22621.0
    },
    "weighted avg": {
        "precision": 0.5878900654981971,
        "recall": 0.5891870385924584,
        "f1-score": 0.5882525195735027,
        "support": 22621.0
    }
}