{
    "0": {
        "precision": 0.0,
        "recall": 0.0,
        "f1-score": 0.0,
        "support": 642.0
    },
    "1": {
        "precision": 0.672100605496041,
        "recall": 0.30826746421704765,
        "f1-score": 0.42267135325131816,
        "support": 4681.0
    },
    "2": {
        "precision": 0.3146747352496218,
        "recall": 0.18221638195356987,
        "f1-score": 0.23079056865464634,
        "support": 6849.0
    },
    "3": {
        "precision": 0.2992957746478873,
        "recall": 0.38503774879890185,
        "f1-score": 0.33679534129795285,
        "support": 7285.0
    },
    "4": {
        "precision": 0.23190546528803546,
        "recall": 0.46698393813206424,
        "f1-score": 0.3099091985787604,
        "support": 3362.0
    },
    "5": {
        "precision": 0.25597269624573377,
        "recall": 0.44749403341288785,
        "f1-score": 0.3256621797655232,
        "support": 1676.0
    },
    "6": {
        "precision": 0.26229508196721313,
        "recall": 0.045845272206303724,
        "f1-score": 0.07804878048780486,
        "support": 698.0
    },
    "7": {
        "precision": 0.11290322580645161,
        "recall": 0.018229166666666668,
        "f1-score": 0.03139013452914798,
        "support": 384.0
    },
    "8": {
        "precision": 0.045454545454545456,
        "recall": 0.003484320557491289,
        "f1-score": 0.006472491909385114,
        "support": 287.0
    },
    "9": {
        "precision": 0.0,
        "recall": 0.0,
        "f1-score": 0.0,
        "support": 302.0
    },
    "10": {
        "precision": 0.05263157894736842,
        "recall": 0.0023094688221709007,
        "f1-score": 0.004424778761061947,
        "support": 433.0
    },
    "11": {
        "precision": 0.0,
        "recall": 0.0,
        "f1-score": 0.0,
        "support": 562.0
    },
    "12": {
        "precision": 0.041666666666666664,
        "recall": 0.00130718954248366,
        "f1-score": 0.0025348542458808613,
        "support": 765.0
    },
    "13": {
        "precision": 0.0,
        "recall": 0.0,
        "f1-score": 0.0,
        "support": 675.0
    },
    "14": {
        "precision": 0.0,
        "recall": 0.0,
        "f1-score": 0.0,
        "support": 517.0
    },
    "15": {
        "precision": 0.0,
        "recall": 0.0,
        "f1-score": 0.0,
        "support": 453.0
    },
    "16": {
        "precision": 0.0,
        "recall": 0.0,
        "f1-score": 0.0,
        "support": 389.0
    },
    "17": {
        "precision": 0.0,
        "recall": 0.0,
        "f1-score": 0.0,
        "support": 366.0
    },
    "18": {
        "precision": 0.0,
        "recall": 0.0,
        "f1-score": 0.0,
        "support": 310.0
    },
    "19": {
        "precision": 0.0,
        "recall": 0.0,
        "f1-score": 0.0,
        "support": 219.0
    },
    "20": {
        "precision": 0.258869093725794,
        "recall": 0.9703832752613241,
        "f1-score": 0.4087073498838205,
        "support": 1722.0
    },
    "accuracy": 0.29250698345458453,
    "macro avg": {
        "precision": 0.12132235569025518,
        "recall": 0.13483610759861483,
        "f1-score": 0.10273366816025249,
        "support": 32577.0
    },
    "weighted avg": {
        "precision": 0.2894764908099575,
        "recall": 0.29250698345458453,
        "f1-score": 0.2571300741126789,
        "support": 32577.0
    }
}