{
    "0": {
        "precision": 0.0,
        "recall": 0.0,
        "f1-score": 0.0,
        "support": 1.0
    },
    "1": {
        "precision": 0.779783393501805,
        "recall": 0.8048439683278994,
        "f1-score": 0.7921155168462067,
        "support": 2147.0
    },
    "2": {
        "precision": 0.6603483606557377,
        "recall": 0.6500252143217348,
        "f1-score": 0.655146124523507,
        "support": 3966.0
    },
    "3": {
        "precision": 0.7092684954280964,
        "recall": 0.7283397353819889,
        "f1-score": 0.7186776163402822,
        "support": 9372.0
    },
    "4": {
        "precision": 0.6501229256299939,
        "recall": 0.6249630723781389,
        "f1-score": 0.6372947733092332,
        "support": 6770.0
    },
    "5": {
        "precision": 0.6510579257717655,
        "recall": 0.6406143344709898,
        "f1-score": 0.645793910201273,
        "support": 2930.0
    },
    "6": {
        "precision": 0.20202020202020202,
        "recall": 0.32786885245901637,
        "f1-score": 0.25,
        "support": 122.0
    },
    "7": {
        "precision": 0.25263157894736843,
        "recall": 0.3870967741935484,
        "f1-score": 0.3057324840764331,
        "support": 62.0
    },
    "8": {
        "precision": 0.375,
        "recall": 0.13636363636363635,
        "f1-score": 0.19999999999999998,
        "support": 22.0
    },
    "9": {
        "precision": 0.42857142857142855,
        "recall": 0.6,
        "f1-score": 0.5,
        "support": 30.0
    },
    "10": {
        "precision": 0.3888888888888889,
        "recall": 0.3684210526315789,
        "f1-score": 0.37837837837837834,
        "support": 19.0
    },
    "11": {
        "precision": 0.43243243243243246,
        "recall": 0.32653061224489793,
        "f1-score": 0.37209302325581395,
        "support": 49.0
    },
    "12": {
        "precision": 0.08333333333333333,
        "recall": 0.125,
        "f1-score": 0.1,
        "support": 24.0
    },
    "13": {
        "precision": 0.23404255319148937,
        "recall": 0.13095238095238096,
        "f1-score": 0.16793893129770995,
        "support": 84.0
    },
    "14": {
        "precision": 0.13636363636363635,
        "recall": 0.13953488372093023,
        "f1-score": 0.1379310344827586,
        "support": 43.0
    },
    "15": {
        "precision": 0.3404255319148936,
        "recall": 0.3595505617977528,
        "f1-score": 0.34972677595628415,
        "support": 89.0
    },
    "16": {
        "precision": 0.4117647058823529,
        "recall": 0.328125,
        "f1-score": 0.3652173913043478,
        "support": 64.0
    },
    "17": {
        "precision": 0.26666666666666666,
        "recall": 0.2716049382716049,
        "f1-score": 0.2691131498470948,
        "support": 162.0
    },
    "18": {
        "precision": 0.17518248175182483,
        "recall": 0.3287671232876712,
        "f1-score": 0.22857142857142856,
        "support": 146.0
    },
    "19": {
        "precision": 0.09090909090909091,
        "recall": 0.25,
        "f1-score": 0.13333333333333333,
        "support": 20.0
    },
    "20": {
        "precision": 0.9749920356801529,
        "recall": 0.9482571649883811,
        "f1-score": 0.9614387811199246,
        "support": 6455.0
    },
    "accuracy": 0.7256346502133407,
    "macro avg": {
        "precision": 0.39256217464481713,
        "recall": 0.40365996694248335,
        "f1-score": 0.3889763168020957,
        "support": 32577.0
    },
    "weighted avg": {
        "precision": 0.7301983023200989,
        "recall": 0.7256346502133407,
        "f1-score": 0.7274465529932974,
        "support": 32577.0
    }
}