{
    "0": {
        "precision": 0.6666666666666666,
        "recall": 0.15384615384615385,
        "f1-score": 0.25,
        "support": 13.0
    },
    "1": {
        "precision": 0.6384976525821596,
        "recall": 0.7391304347826086,
        "f1-score": 0.6851385390428211,
        "support": 184.0
    },
    "2": {
        "precision": 0.3838383838383838,
        "recall": 0.3114754098360656,
        "f1-score": 0.3438914027149322,
        "support": 122.0
    },
    "3": {
        "precision": 0.4888888888888889,
        "recall": 0.2619047619047619,
        "f1-score": 0.34108527131782945,
        "support": 168.0
    },
    "4": {
        "precision": 0.6336088154269972,
        "recall": 0.7666666666666667,
        "f1-score": 0.6938159879336351,
        "support": 300.0
    },
    "5": {
        "precision": 0.2898550724637681,
        "recall": 0.425531914893617,
        "f1-score": 0.3448275862068965,
        "support": 47.0
    },
    "9": {
        "precision": 0.16666666666666666,
        "recall": 0.5,
        "f1-score": 0.25,
        "support": 2.0
    },
    "11": {
        "precision": 0.0,
        "recall": 0.0,
        "f1-score": 0.0,
        "support": 2.0
    },
    "20": {
        "precision": 0.9333333333333333,
        "recall": 0.9,
        "f1-score": 0.9163636363636364,
        "support": 140.0
    },
    "accuracy": 0.6104294478527608,
    "macro avg": {
        "precision": 0.46681727554076274,
        "recall": 0.4509505935477638,
        "f1-score": 0.4250136026199723,
        "support": 978.0
    },
    "weighted avg": {
        "precision": 0.6030855663980537,
        "recall": 0.6104294478527608,
        "f1-score": 0.5948007872384661,
        "support": 978.0
    }
}