{
    "0": {
        "precision": 0.0,
        "recall": 0.0,
        "f1-score": 0.0,
        "support": 342.0
    },
    "1": {
        "precision": 0.6810064935064936,
        "recall": 0.2677944462176827,
        "f1-score": 0.3844215349369988,
        "support": 3133.0
    },
    "2": {
        "precision": 0.3488797439414723,
        "recall": 0.1626865671641791,
        "f1-score": 0.22189908390286459,
        "support": 4690.0
    },
    "3": {
        "precision": 0.3257328990228013,
        "recall": 0.5856219709208401,
        "f1-score": 0.4186214363045832,
        "support": 4952.0
    },
    "4": {
        "precision": 0.27994616419919244,
        "recall": 0.4889515749882464,
        "f1-score": 0.35604245121533723,
        "support": 2127.0
    },
    "5": {
        "precision": 0.3677811550151976,
        "recall": 0.23157894736842105,
        "f1-score": 0.2842043452730476,
        "support": 1045.0
    },
    "6": {
        "precision": 0.16666666666666666,
        "recall": 0.014957264957264958,
        "f1-score": 0.027450980392156862,
        "support": 468.0
    },
    "7": {
        "precision": 0.125,
        "recall": 0.008064516129032258,
        "f1-score": 0.015151515151515152,
        "support": 248.0
    },
    "8": {
        "precision": 0.0,
        "recall": 0.0,
        "f1-score": 0.0,
        "support": 211.0
    },
    "9": {
        "precision": 0.0,
        "recall": 0.0,
        "f1-score": 0.0,
        "support": 303.0
    },
    "10": {
        "precision": 0.0,
        "recall": 0.0,
        "f1-score": 0.0,
        "support": 407.0
    },
    "11": {
        "precision": 0.0,
        "recall": 0.0,
        "f1-score": 0.0,
        "support": 556.0
    },
    "12": {
        "precision": 0.0,
        "recall": 0.0,
        "f1-score": 0.0,
        "support": 683.0
    },
    "13": {
        "precision": 0.039473684210526314,
        "recall": 0.0046439628482972135,
        "f1-score": 0.008310249307479225,
        "support": 646.0
    },
    "14": {
        "precision": 0.0,
        "recall": 0.0,
        "f1-score": 0.0,
        "support": 575.0
    },
    "15": {
        "precision": 0.0,
        "recall": 0.0,
        "f1-score": 0.0,
        "support": 437.0
    },
    "16": {
        "precision": 0.0,
        "recall": 0.0,
        "f1-score": 0.0,
        "support": 412.0
    },
    "17": {
        "precision": 0.0,
        "recall": 0.0,
        "f1-score": 0.0,
        "support": 344.0
    },
    "18": {
        "precision": 0.0,
        "recall": 0.0,
        "f1-score": 0.0,
        "support": 284.0
    },
    "19": {
        "precision": 0.0,
        "recall": 0.0,
        "f1-score": 0.0,
        "support": 278.0
    },
    "20": {
        "precision": 0.25926522719948436,
        "recall": 0.9847001223990208,
        "f1-score": 0.41045918367346934,
        "support": 1634.0
    },
    "accuracy": 0.31146161934805466,
    "macro avg": {
        "precision": 0.12351200160770638,
        "recall": 0.13090473204728498,
        "f1-score": 0.10126479905511676,
        "support": 23775.0
    },
    "weighted avg": {
        "precision": 0.29109505104894984,
        "recall": 0.31146161934805466,
        "f1-score": 0.25510291993034245,
        "support": 23775.0
    }
}