{
    "1": {
        "precision": 0.795016077170418,
        "recall": 0.8027597402597403,
        "f1-score": 0.7988691437802908,
        "support": 1232.0
    },
    "2": {
        "precision": 0.5932489451476793,
        "recall": 0.6428898033836306,
        "f1-score": 0.6170726355058154,
        "support": 2187.0
    },
    "3": {
        "precision": 0.8214203631349115,
        "recall": 0.8028754352465461,
        "f1-score": 0.8120420335132065,
        "support": 8903.0
    },
    "4": {
        "precision": 0.6723255187281056,
        "recall": 0.6716016150740243,
        "f1-score": 0.6719633719364396,
        "support": 3715.0
    },
    "5": {
        "precision": 0.6409395973154363,
        "recall": 0.5805471124620061,
        "f1-score": 0.609250398724083,
        "support": 658.0
    },
    "6": {
        "precision": 0.2708333333333333,
        "recall": 0.30952380952380953,
        "f1-score": 0.2888888888888889,
        "support": 42.0
    },
    "7": {
        "precision": 0.3181818181818182,
        "recall": 0.4375,
        "f1-score": 0.3684210526315789,
        "support": 16.0
    },
    "8": {
        "precision": 0.16666666666666666,
        "recall": 0.1111111111111111,
        "f1-score": 0.13333333333333333,
        "support": 9.0
    },
    "9": {
        "precision": 0.058823529411764705,
        "recall": 0.1,
        "f1-score": 0.07407407407407408,
        "support": 10.0
    },
    "10": {
        "precision": 0.23076923076923078,
        "recall": 0.5172413793103449,
        "f1-score": 0.3191489361702128,
        "support": 29.0
    },
    "11": {
        "precision": 0.29411764705882354,
        "recall": 0.1282051282051282,
        "f1-score": 0.17857142857142858,
        "support": 39.0
    },
    "12": {
        "precision": 0.17391304347826086,
        "recall": 0.18181818181818182,
        "f1-score": 0.17777777777777776,
        "support": 44.0
    },
    "13": {
        "precision": 0.2571428571428571,
        "recall": 0.11842105263157894,
        "f1-score": 0.16216216216216217,
        "support": 76.0
    },
    "14": {
        "precision": 0.25,
        "recall": 0.23255813953488372,
        "f1-score": 0.24096385542168675,
        "support": 86.0
    },
    "15": {
        "precision": 0.40625,
        "recall": 0.2653061224489796,
        "f1-score": 0.32098765432098764,
        "support": 98.0
    },
    "16": {
        "precision": 0.25984251968503935,
        "recall": 0.3402061855670103,
        "f1-score": 0.29464285714285715,
        "support": 97.0
    },
    "17": {
        "precision": 0.2112676056338028,
        "recall": 0.32967032967032966,
        "f1-score": 0.2575107296137339,
        "support": 91.0
    },
    "18": {
        "precision": 0.1518987341772152,
        "recall": 0.1875,
        "f1-score": 0.1678321678321678,
        "support": 128.0
    },
    "19": {
        "precision": 0.19230769230769232,
        "recall": 0.09174311926605505,
        "f1-score": 0.12422360248447206,
        "support": 109.0
    },
    "20": {
        "precision": 0.9544077793719113,
        "recall": 0.9647115694489204,
        "f1-score": 0.9595320137831558,
        "support": 6206.0
    },
    "accuracy": 0.7827129337539432,
    "macro avg": {
        "precision": 0.38596864793574837,
        "recall": 0.390809491748114,
        "f1-score": 0.3788634058834176,
        "support": 23775.0
    },
    "weighted avg": {
        "precision": 0.7841237519797888,
        "recall": 0.7827129337539432,
        "f1-score": 0.7827967443830032,
        "support": 23775.0
    }
}