{
    "0": {
        "precision": 0.0,
        "recall": 0.0,
        "f1-score": 0.0,
        "support": 567.0
    },
    "1": {
        "precision": 0.5931758530183727,
        "recall": 0.5824742268041238,
        "f1-score": 0.58777633289987,
        "support": 1552.0
    },
    "2": {
        "precision": 0.21389793702497287,
        "recall": 0.0685455810716771,
        "f1-score": 0.10382081686429512,
        "support": 2874.0
    },
    "3": {
        "precision": 0.2124762507916403,
        "recall": 0.4827338129496403,
        "f1-score": 0.2950747581354442,
        "support": 1390.0
    },
    "4": {
        "precision": 0.15443745632424877,
        "recall": 0.3553054662379421,
        "f1-score": 0.21529469069654164,
        "support": 622.0
    },
    "5": {
        "precision": 0.14666666666666667,
        "recall": 0.2037037037037037,
        "f1-score": 0.17054263565891473,
        "support": 216.0
    },
    "6": {
        "precision": 0.14285714285714285,
        "recall": 0.010416666666666666,
        "f1-score": 0.01941747572815534,
        "support": 96.0
    },
    "7": {
        "precision": 0.0,
        "recall": 0.0,
        "f1-score": 0.0,
        "support": 29.0
    },
    "8": {
        "precision": 0.0,
        "recall": 0.0,
        "f1-score": 0.0,
        "support": 19.0
    },
    "9": {
        "precision": 0.0,
        "recall": 0.0,
        "f1-score": 0.0,
        "support": 8.0
    },
    "10": {
        "precision": 0.0,
        "recall": 0.0,
        "f1-score": 0.0,
        "support": 6.0
    },
    "11": {
        "precision": 0.0,
        "recall": 0.0,
        "f1-score": 0.0,
        "support": 5.0
    },
    "12": {
        "precision": 0.0,
        "recall": 0.0,
        "f1-score": 0.0,
        "support": 3.0
    },
    "13": {
        "precision": 0.0,
        "recall": 0.0,
        "f1-score": 0.0,
        "support": 5.0
    },
    "14": {
        "precision": 0.0,
        "recall": 0.0,
        "f1-score": 0.0,
        "support": 0.0
    },
    "15": {
        "precision": 0.0,
        "recall": 0.0,
        "f1-score": 0.0,
        "support": 4.0
    },
    "16": {
        "precision": 0.0,
        "recall": 0.0,
        "f1-score": 0.0,
        "support": 5.0
    },
    "17": {
        "precision": 0.0,
        "recall": 0.0,
        "f1-score": 0.0,
        "support": 3.0
    },
    "18": {
        "precision": 0.0,
        "recall": 0.0,
        "f1-score": 0.0,
        "support": 8.0
    },
    "19": {
        "precision": 0.0,
        "recall": 0.0,
        "f1-score": 0.0,
        "support": 7.0
    },
    "20": {
        "precision": 0.5238095238095238,
        "recall": 0.8918918918918919,
        "f1-score": 0.6599999999999999,
        "support": 74.0
    },
    "accuracy": 0.2807954090484452,
    "macro avg": {
        "precision": 0.09463432526155086,
        "recall": 0.12357482615836408,
        "f1-score": 0.09771079571348672,
        "support": 7493.0
    },
    "weighted avg": {
        "precision": 0.2683717965840838,
        "recall": 0.2807954090484452,
        "f1-score": 0.245858587311134,
        "support": 7493.0
    }
}