{
    "1": {
        "precision": 0.9071702944942381,
        "recall": 0.9297900262467191,
        "f1-score": 0.9183408943616331,
        "support": 1524.0
    },
    "2": {
        "precision": 0.7385120350109409,
        "recall": 0.7328990228013029,
        "f1-score": 0.7356948228882834,
        "support": 921.0
    },
    "3": {
        "precision": 0.8237731038878267,
        "recall": 0.818556048131729,
        "f1-score": 0.821156289707751,
        "support": 3158.0
    },
    "4": {
        "precision": 0.6230053191489362,
        "recall": 0.6547868623340322,
        "f1-score": 0.6385008517887564,
        "support": 1431.0
    },
    "5": {
        "precision": 0.7222222222222222,
        "recall": 0.65,
        "f1-score": 0.6842105263157895,
        "support": 300.0
    },
    "6": {
        "precision": 0.0,
        "recall": 0.0,
        "f1-score": 0.0,
        "support": 7.0
    },
    "7": {
        "precision": 0.25,
        "recall": 0.3333333333333333,
        "f1-score": 0.28571428571428575,
        "support": 3.0
    },
    "11": {
        "precision": 0.0,
        "recall": 0.0,
        "f1-score": 0.0,
        "support": 1.0
    },
    "12": {
        "precision": 0.125,
        "recall": 0.3333333333333333,
        "f1-score": 0.18181818181818182,
        "support": 6.0
    },
    "13": {
        "precision": 0.0,
        "recall": 0.0,
        "f1-score": 0.0,
        "support": 5.0
    },
    "14": {
        "precision": 0.0,
        "recall": 0.0,
        "f1-score": 0.0,
        "support": 9.0
    },
    "15": {
        "precision": 0.0,
        "recall": 0.0,
        "f1-score": 0.0,
        "support": 1.0
    },
    "16": {
        "precision": 0.0,
        "recall": 0.0,
        "f1-score": 0.0,
        "support": 1.0
    },
    "20": {
        "precision": 0.8823529411764706,
        "recall": 0.5952380952380952,
        "f1-score": 0.7109004739336493,
        "support": 126.0
    },
    "accuracy": 0.7856666221807019,
    "macro avg": {
        "precision": 0.36228827971004535,
        "recall": 0.36056690867275315,
        "f1-score": 0.35545259475202357,
        "support": 7493.0
    },
    "weighted avg": {
        "precision": 0.7854045541290647,
        "recall": 0.7856666221807019,
        "f1-score": 0.784841506239484,
        "support": 7493.0
    }
}