{
    "0": {
        "precision": 0.8823529411764706,
        "recall": 0.02508361204013378,
        "f1-score": 0.04878048780487805,
        "support": 1196.0
    },
    "1": {
        "precision": 0.5092180546726002,
        "recall": 0.09836669532113472,
        "f1-score": 0.16488266776451213,
        "support": 8143.0
    },
    "2": {
        "precision": 0.2136986301369863,
        "recall": 0.13771186440677965,
        "f1-score": 0.16748980030062272,
        "support": 11328.0
    },
    "3": {
        "precision": 0.2522595129814058,
        "recall": 0.3611042439225381,
        "f1-score": 0.2970243340337559,
        "support": 12135.0
    },
    "4": {
        "precision": 0.22738953825748157,
        "recall": 0.3690796555435953,
        "f1-score": 0.28140548858681713,
        "support": 7432.0
    },
    "5": {
        "precision": 0.20254777070063695,
        "recall": 0.1919826128954359,
        "f1-score": 0.197123729233821,
        "support": 4141.0
    },
    "6": {
        "precision": 0.12904411764705884,
        "recall": 0.1803699897225077,
        "f1-score": 0.15045006429489927,
        "support": 1946.0
    },
    "7": {
        "precision": 0.09353673223604977,
        "recall": 0.24095139607032057,
        "f1-score": 0.13475997686524002,
        "support": 967.0
    },
    "8": {
        "precision": 0.0963855421686747,
        "recall": 0.03915171288743882,
        "f1-score": 0.05568445475638051,
        "support": 613.0
    },
    "9": {
        "precision": 0.09090909090909091,
        "recall": 0.016771488469601678,
        "f1-score": 0.028318584070796463,
        "support": 477.0
    },
    "10": {
        "precision": 0.0847457627118644,
        "recall": 0.01818181818181818,
        "f1-score": 0.02994011976047904,
        "support": 550.0
    },
    "11": {
        "precision": 0.05128205128205128,
        "recall": 0.0062402496099844,
        "f1-score": 0.011126564673157164,
        "support": 641.0
    },
    "12": {
        "precision": 0.023809523809523808,
        "recall": 0.002677376171352075,
        "f1-score": 0.0048134777376654635,
        "support": 747.0
    },
    "13": {
        "precision": 0.0,
        "recall": 0.0,
        "f1-score": 0.0,
        "support": 748.0
    },
    "14": {
        "precision": 0.0,
        "recall": 0.0,
        "f1-score": 0.0,
        "support": 589.0
    },
    "15": {
        "precision": 0.0,
        "recall": 0.0,
        "f1-score": 0.0,
        "support": 479.0
    },
    "16": {
        "precision": 0.003937007874015748,
        "recall": 0.00273224043715847,
        "f1-score": 0.0032258064516129037,
        "support": 366.0
    },
    "17": {
        "precision": 0.0,
        "recall": 0.0,
        "f1-score": 0.0,
        "support": 310.0
    },
    "18": {
        "precision": 0.0,
        "recall": 0.0,
        "f1-score": 0.0,
        "support": 295.0
    },
    "19": {
        "precision": 0.0,
        "recall": 0.0,
        "f1-score": 0.0,
        "support": 265.0
    },
    "20": {
        "precision": 0.2797695262483995,
        "recall": 0.9551912568306011,
        "f1-score": 0.4327803911859372,
        "support": 1830.0
    },
    "accuracy": 0.22993586724156673,
    "macro avg": {
        "precision": 0.14956599061011,
        "recall": 0.12598077202430477,
        "f1-score": 0.09560980702478927,
        "support": 55198.0
    },
    "weighted avg": {
        "precision": 0.2584734606174153,
        "recall": 0.22993586724156673,
        "f1-score": 0.20112115680097026,
        "support": 55198.0
    }
}