{
    "0": {
        "precision": 0.25,
        "recall": 0.17647058823529413,
        "f1-score": 0.20689655172413793,
        "support": 34.0
    },
    "1": {
        "precision": 0.7158365261813537,
        "recall": 0.7126509853782581,
        "f1-score": 0.7142402038865882,
        "support": 1573.0
    },
    "2": {
        "precision": 0.6923178284358941,
        "recall": 0.7197260273972603,
        "f1-score": 0.7057559271945733,
        "support": 7300.0
    },
    "3": {
        "precision": 0.713913948646773,
        "recall": 0.710667203960624,
        "f1-score": 0.7122868764965525,
        "support": 17371.0
    },
    "4": {
        "precision": 0.6206235411803934,
        "recall": 0.6171764900936749,
        "f1-score": 0.6188952159275116,
        "support": 12063.0
    },
    "5": {
        "precision": 0.4016452939753206,
        "recall": 0.4229299363057325,
        "f1-score": 0.4120129064283941,
        "support": 3925.0
    },
    "6": {
        "precision": 0.382089552238806,
        "recall": 0.3764705882352941,
        "f1-score": 0.3792592592592593,
        "support": 2720.0
    },
    "7": {
        "precision": 0.5457119741100324,
        "recall": 0.5415495784825372,
        "f1-score": 0.5436228087850091,
        "support": 2491.0
    },
    "8": {
        "precision": 0.2540983606557377,
        "recall": 0.24899598393574296,
        "f1-score": 0.2515212981744422,
        "support": 249.0
    },
    "9": {
        "precision": 0.22727272727272727,
        "recall": 0.17045454545454544,
        "f1-score": 0.1948051948051948,
        "support": 88.0
    },
    "10": {
        "precision": 0.2111111111111111,
        "recall": 0.16101694915254236,
        "f1-score": 0.18269230769230768,
        "support": 118.0
    },
    "11": {
        "precision": 0.2222222222222222,
        "recall": 0.23076923076923078,
        "f1-score": 0.22641509433962265,
        "support": 78.0
    },
    "12": {
        "precision": 0.25609756097560976,
        "recall": 0.25,
        "f1-score": 0.25301204819277107,
        "support": 84.0
    },
    "13": {
        "precision": 0.22297297297297297,
        "recall": 0.27049180327868855,
        "f1-score": 0.24444444444444446,
        "support": 122.0
    },
    "14": {
        "precision": 0.3157894736842105,
        "recall": 0.1791044776119403,
        "f1-score": 0.22857142857142856,
        "support": 67.0
    },
    "15": {
        "precision": 0.20833333333333334,
        "recall": 0.18518518518518517,
        "f1-score": 0.19607843137254902,
        "support": 27.0
    },
    "16": {
        "precision": 0.30131004366812225,
        "recall": 0.27165354330708663,
        "f1-score": 0.2857142857142857,
        "support": 254.0
    },
    "17": {
        "precision": 0.39158576051779936,
        "recall": 0.41156462585034015,
        "f1-score": 0.4013266998341625,
        "support": 294.0
    },
    "18": {
        "precision": 0.08974358974358974,
        "recall": 0.125,
        "f1-score": 0.1044776119402985,
        "support": 56.0
    },
    "19": {
        "precision": 0.24444444444444444,
        "recall": 0.3055555555555556,
        "f1-score": 0.2716049382716049,
        "support": 36.0
    },
    "20": {
        "precision": 0.9580838323353293,
        "recall": 0.9218950064020487,
        "f1-score": 0.9396411092985318,
        "support": 6248.0
    },
    "accuracy": 0.6586651690278633,
    "macro avg": {
        "precision": 0.39167638560503726,
        "recall": 0.38139658593293246,
        "f1-score": 0.38444164963588906,
        "support": 55198.0
    },
    "weighted avg": {
        "precision": 0.6602436137155003,
        "recall": 0.6586651690278633,
        "f1-score": 0.6593003767147443,
        "support": 55198.0
    }
}